t_s,theta_rad,omega_rad_s,alpha_rad_s2
0.0000,0.281707,0.132147,-1.040180
0.0400,0.286993,0.090540,-1.635180
0.0800,0.288950,0.001332,-2.364362
0.1200,0.287100,-0.098609,-2.477687
0.1600,0.281062,-0.196883,-2.601112
0.2000,0.271349,-0.306698,-2.961445
0.2400,0.256526,-0.433798,-3.133984
0.2800,0.236645,-0.557417,-3.011554
0.3200,0.211932,-0.674722,-2.960920
0.3600,0.182667,-0.794291,-2.835189
0.4000,0.148389,-0.901538,-2.346476
0.4400,0.110544,-0.982009,-1.793282
0.4800,0.069828,-1.045000,-1.339621
0.5200,0.026944,-1.089178,-1.107678
0.5600,-0.017306,-1.133614,-0.726443
0.6000,-0.063745,-1.147294,0.602194
0.6400,-0.109089,-1.085439,2.180928
0.6800,-0.150580,-0.972820,3.127671
0.7200,-0.186915,-0.835225,3.431747
0.7600,-0.217398,-0.698280,3.796490
0.8000,-0.242777,-0.531506,4.718402
0.8400,-0.259918,-0.320808,5.404975
0.8800,-0.268442,-0.099108,5.674544
0.9200,-0.267847,0.133156,5.742891
0.9600,-0.257789,0.360323,5.154777
1.0000,-0.239021,0.545538,4.316289
1.0400,-0.214146,0.705626,3.951156
1.0800,-0.182571,0.861630,3.638907
1.1200,-0.145216,0.996739,3.318931
1.1600,-0.102832,1.127145,2.402663
1.2000,-0.055044,1.188952,0.720259
1.2400,-0.007716,1.184766,-0.231688
1.2800,0.039737,1.170417,-0.778767
1.3200,0.085918,1.122464,-1.300884
1.3600,0.129534,1.066346,-2.076680
1.4000,0.171225,0.956330,-3.500962
1.4400,0.206040,0.786269,-4.354813
1.4800,0.234127,0.607945,-4.689635
1.5200,0.254676,0.411098,-4.961859
1.5600,0.267015,0.210996,-4.997327
1.6000,0.271556,0.011312,-5.118911
1.6400,0.267920,-0.198517,-5.253524
1.6800,0.255674,-0.408970,-5.104233
1.7200,0.235202,-0.606855,-4.846214
1.7600,0.207126,-0.796667,-4.096020
1.8000,0.171469,-0.934537,-2.889562
1.8400,0.132363,-1.027832,-2.222288
1.8800,0.089242,-1.112320,-1.721371
1.9200,0.043377,-1.165541,-1.189746
1.9600,-0.004001,-1.207500,-0.185346
2.0000,-0.053223,-1.180369,1.513136
2.0400,-0.098431,-1.086449,2.466503
2.0800,-0.140139,-0.983049,2.936659
2.1200,-0.177074,-0.851516,3.299209
2.1600,-0.208260,-0.719112,3.661402
2.2000,-0.234603,-0.558604,4.567965
2.2400,-0.252948,-0.353675,5.249130
2.2800,-0.262897,-0.138674,5.462247
2.3200,-0.264042,0.083305,5.585488
2.3600,-0.256233,0.308166,5.200459
2.4000,-0.239389,0.499342,4.434089
2.4400,-0.216286,0.662893,4.036449
2.4800,-0.186357,0.822257,3.924878
2.5200,-0.150505,0.976883,3.536004
2.5600,-0.108207,1.105138,2.175773
2.6000,-0.062094,1.150945,0.626156
2.6400,-0.016131,1.155230,-0.017240
2.6800,0.030324,1.149565,-0.247882
2.7200,0.075834,1.135400,-0.877656
2.7600,0.121156,1.079353,-2.399655
2.8000,0.162182,0.943427,-3.716567
2.8400,0.196631,0.782028,-4.131975
2.8800,0.224745,0.612869,-4.296091
2.9200,0.245660,0.438340,-4.642639
2.9600,0.259812,0.241458,-5.120153
3.0000,0.264977,0.028728,-5.231156
3.0400,0.262110,-0.177034,-5.155589
3.0800,0.250814,-0.383719,-5.100664
3.1200,0.231412,-0.585087,-4.837837
3.1600,0.204007,-0.770746,-3.942881
3.2000,0.169753,-0.900518,-2.821189
3.2400,0.131966,-0.996441,-2.292135
3.2800,0.090037,-1.083889,-2.066313
3.3200,0.045254,-1.161746,-1.462148
3.3600,-0.002902,-1.200860,0.129573
3.4000,-0.050814,-1.151380,1.708711
3.4400,-0.095013,-1.064164,2.289053
3.4800,-0.135947,-0.968256,2.498190
3.5200,-0.172473,-0.864308,3.061520
3.5600,-0.205092,-0.723334,4.089027
3.6000,-0.230340,-0.537186,4.776152
3.6400,-0.248067,-0.341242,5.067342
3.6800,-0.257639,-0.131799,5.302867
3.7200,-0.258611,0.082987,5.166489
3.7600,-0.251000,0.281520,4.817706
3.8000,-0.236089,0.468404,4.609968
3.8400,-0.213528,0.650318,4.296726
3.8800,-0.184064,0.812142,3.984374
3.9200,-0.148557,0.969068,3.173045
3.9600,-0.106538,1.065985,1.722855
4.0000,-0.063278,1.106896,0.945978
4.0400,-0.017987,1.141663,0.435896
4.0800,0.028055,1.141768,-0.115466
4.1200,0.073355,1.132426,-0.989947
4.1600,0.118649,1.062572,-2.568897
4.2000,0.158360,0.926914,-3.485451
4.2400,0.192802,0.783736,-3.851137
4.2800,0.221059,0.618823,-4.182787
4.3200,0.242308,0.449113,-4.432554
4.3600,0.256988,0.264219,-4.929728
4.4000,0.263446,0.054735,-5.267905
4.4400,0.261367,-0.157213,-5.231336
4.4800,0.250869,-0.363772,-5.105937
4.5200,0.232265,-0.565688,-4.512913
4.5600,0.205614,-0.724805,-3.563999
4.6000,0.174281,-0.850808,-3.098325
4.6400,0.137549,-0.972671,-2.694810
4.6800,0.096467,-1.066393,-2.220975
4.7200,0.052238,-1.150349,-1.259090
4.7600,0.004439,-1.167120,0.405055
4.8000,-0.041132,-1.117945,1.337014
4.8400,-0.084996,-1.060159,1.813199
4.8800,-0.125945,-0.972889,2.283314
4.9200,-0.162827,-0.877494,2.888222
4.9600,-0.196144,-0.741831,3.976546
5.0000,-0.222174,-0.559370,4.657118
5.0400,-0.240894,-0.369262,4.920603
5.0800,-0.251715,-0.165722,5.141292
5.1200,-0.254152,0.042042,5.035873
5.1600,-0.248351,0.237148,4.790351
5.2000,-0.235180,0.425270,4.642408
5.2400,-0.214330,0.608540,4.344843
5.2800,-0.186497,0.772857,4.042659
5.3200,-0.152501,0.931953,3.245283
5.3600,-0.111940,1.032480,1.841504
5.4000,-0.069903,1.079273,1.089708
5.4400,-0.025598,1.119656,0.592416
5.4800,0.019670,1.126667,0.059621
5.5200,0.064535,1.124426,-0.819619
5.5600,0.109624,1.061097,-2.404024
5.6000,0.149423,0.932104,-3.321346
5.6400,0.184192,0.795390,-3.681376
5.6800,0.213054,0.637594,-4.011048
5.7200,0.235200,0.474506,-4.289733
5.7600,0.251014,0.294416,-4.820118
5.8000,0.258753,0.088896,-5.175561
5.8400,0.258126,-0.119629,-5.179746
5.8800,0.249182,-0.325483,-5.066555
5.9200,0.232087,-0.524954,-4.462900
5.9600,0.207186,-0.682515,-3.580813
6.0000,0.177486,-0.811419,-3.176519
6.0400,0.142273,-0.936637,-3.014752
6.0800,0.102555,-1.052599,-2.471632
6.1200,0.058065,-1.134367,-1.008025
6.1600,0.011806,-1.133241,0.524190
6.2000,-0.032595,-1.092432,1.129276
6.2400,-0.075589,-1.042899,1.332045
6.2800,-0.116026,-0.985869,1.891512
6.3200,-0.154458,-0.891578,3.159568
6.3600,-0.187353,-0.733103,4.188705
6.4000,-0.213107,-0.556481,4.484566
6.4400,-0.231871,-0.374338,4.592077
6.4800,-0.243054,-0.189115,4.855660
6.5200,-0.247000,0.014115,5.088522
6.5600,-0.241924,0.217966,4.875241
6.6000,-0.229563,0.404134,4.597938
6.6400,-0.209594,0.585802,4.438236
6.6800,-0.182699,0.759193,4.097360
6.7200,-0.148858,0.913590,3.020898
6.7600,-0.109612,1.000865,1.704744
6.8000,-0.068789,1.049970,1.158930
6.8400,-0.025614,1.093579,0.973995
6.8800,0.018697,1.127889,0.338443
6.9200,0.064617,1.120655,-1.218600
6.9600,0.108350,1.030402,-2.663490
7.0000,0.147049,0.907575,-3.178350
7.0400,0.180956,0.776134,-3.327352
7.0800,0.209140,0.641387,-3.697612
7.1200,0.232267,0.480325,-4.493102
7.1600,0.247566,0.281939,-5.018569
7.2000,0.254822,0.078839,-5.099526
7.2400,0.253873,-0.126023,-5.093708
7.2800,0.244740,-0.328658,-4.692832
7.3200,0.227580,-0.501449,-4.051124
7.3600,0.204624,-0.652748,-3.741394
7.4000,0.175360,-0.800761,-3.433790
7.4400,0.140563,-0.927451,-3.061682
7.4800,0.101164,-1.045696,-2.171970
7.5200,0.056907,-1.101208,-0.635498
7.5600,0.013068,-1.096535,0.239265
7.6000,-0.030815,-1.082067,0.739027
7.6400,-0.073498,-1.037413,1.213765
7.6800,-0.113808,-0.984966,1.963246
7.7200,-0.152295,-0.880354,3.304042
7.7600,-0.184237,-0.720643,4.043292
7.8000,-0.209946,-0.556890,4.286965
7.8400,-0.228788,-0.377685,4.517705
7.8800,-0.240161,-0.195474,4.603128
7.9200,-0.244426,-0.009435,4.808723
7.9600,-0.240916,0.189224,4.951720
8.0000,-0.229288,0.386703,4.765766
8.0400,-0.209980,0.570485,4.492111
8.0800,-0.183649,0.746071,3.765780
8.1200,-0.150294,0.871748,2.617199
8.1600,-0.113909,0.955447,2.013079
8.2000,-0.073858,1.032794,1.568947
8.2400,-0.031286,1.080963,1.110109
8.2800,0.012619,1.121603,0.205855
8.3200,0.058442,1.097432,-1.430260
8.3600,0.100413,1.007182,-2.358926
8.4000,0.139017,0.908717,-2.788827
8.4400,0.173111,0.784076,-3.161011
8.4800,0.201743,0.655837,-3.546239
8.5200,0.225578,0.500377,-4.364088
8.5600,0.241773,0.306710,-4.904983
8.6000,0.250114,0.107978,-5.000329
8.6400,0.250411,-0.093317,-5.006036
8.6800,0.242649,-0.292505,-4.634999
8.7200,0.227011,-0.464117,-4.051301
8.7600,0.205520,-0.616609,-3.770405
8.8000,0.177682,-0.765749,-3.471088
8.8400,0.144260,-0.894296,-3.115093
8.8800,0.106139,-1.014957,-2.252839
8.9200,0.063063,-1.074523,-0.761570
8.9600,0.020177,-1.075882,0.087261
9.0000,-0.023007,-1.067542,0.585943
9.0400,-0.065227,-1.029007,1.056523
9.0800,-0.105328,-0.983020,1.798335
9.1200,-0.143868,-0.885140,3.155501
9.1600,-0.176139,-0.730580,3.927189
9.2000,-0.202315,-0.570965,3.995839
9.2400,-0.221816,-0.410913,4.272284
9.2800,-0.235188,-0.229182,4.779380
9.3200,-0.240151,-0.028563,4.934323
9.3600,-0.237473,0.165564,4.846478
9.4000,-0.226906,0.359156,4.752007
9.4400,-0.208740,0.545724,4.509432
9.4800,-0.183248,0.719910,3.694912
9.5200,-0.151147,0.841317,2.594537
9.5600,-0.115942,0.927473,2.083972
9.6000,-0.076950,1.008035,1.917025
9.6400,-0.035300,1.080835,1.374288
9.6800,0.009517,1.117978,-0.126104
9.7200,0.054139,1.070747,-1.630462
9.7600,0.095177,0.987541,-2.180920
9.8000,0.133142,0.896273,-2.365047
9.8400,0.166879,0.798337,-2.832478
9.8800,0.197009,0.669675,-3.809686
9.9200,0.220453,0.493562,-4.546219
9.9600,0.236494,0.305977,-4.753710
10.0000,0.244931,0.113266,-4.816143
10.0400,0.245555,-0.079314,-4.854598
10.0800,0.238586,-0.275102,-4.618499
10.1200,0.223547,-0.448794,-4.062302
10.1600,0.202682,-0.600086,-3.743746
10.2000,0.175540,-0.748294,-3.627111
10.2400,0.142819,-0.890255,-3.226873
10.2800,0.104320,-1.006444,-1.996198
10.3200,0.062303,-1.049951,-0.611713
10.3600,0.020324,-1.055381,-0.019636
10.4000,-0.022127,-1.051522,0.207464
10.4400,-0.063798,-1.038783,1.013295
10.4800,-0.105230,-0.970458,2.442494
10.5200,-0.141435,-0.843384,3.273798
10.5600,-0.172701,-0.708555,3.618136
10.6000,-0.198119,-0.553933,3.883752
10.6400,-0.217015,-0.397854,4.099539
10.6800,-0.229948,-0.225970,4.592572
10.7200,-0.235093,-0.030449,4.883875
10.7600,-0.232383,0.164740,4.831362
10.8000,-0.221914,0.356060,4.716422
10.8400,-0.203899,0.542054,4.143680
10.8800,-0.178549,0.687555,3.255273
10.9200,-0.148894,0.802476,2.807165
10.9600,-0.114351,0.912128,2.408513
11.0000,-0.075924,0.995157,1.982046
11.0400,-0.034739,1.070692,1.110906
11.0800,0.009731,1.084029,-0.463474
11.1200,0.051984,1.033614,-1.366541
11.1600,0.092420,0.974706,-1.821223
11.2000,0.129960,0.887916,-2.253615
11.2400,0.163454,0.794417,-2.781851
11.2800,0.193513,0.665368,-3.783872
11.3200,0.216683,0.491707,-4.432940
11.3600,0.232850,0.310733,-4.639992
11.4000,0.241542,0.120507,-4.755464
11.4400,0.242491,-0.069704,-4.574260
11.4800,0.235965,-0.245433,-4.311262
11.5200,0.222856,-0.414605,-4.189244
11.5600,0.202797,-0.580573,-3.940960
11.6000,0.176410,-0.729882,-3.657344
11.6400,0.144406,-0.873160,-2.915075
11.6800,0.106557,-0.963088,-1.625326
11.7200,0.067359,-1.003186,-0.893527
11.7600,0.026302,-1.034570,-0.409610
11.8000,-0.015406,-1.035955,0.082168
11.8400,-0.056574,-1.027997,0.892341
11.8800,-0.097646,-0.964568,2.302724
11.9200,-0.133740,-0.843779,3.111875
11.9600,-0.165148,-0.715618,3.466794
12.0000,-0.190989,-0.566435,3.761556
12.0400,-0.210463,-0.414693,3.984810
12.0800,-0.224165,-0.247651,4.481270
12.1200,-0.230275,-0.056192,4.795323
12.1600,-0.228660,0.135975,4.757160
12.2000,-0.219397,0.324381,4.654971
12.2400,-0.202709,0.508373,4.122550
12.2800,-0.178727,0.654185,3.280108
12.3200,-0.150375,0.770782,2.856346
12.3600,-0.117065,0.882693,2.473873
12.4000,-0.079759,0.968691,2.052418
12.4400,-0.039570,1.046886,1.191855
12.4800,0.003992,1.064040,-0.343078
12.5200,0.045554,1.019440,-1.225454
12.5600,0.085547,0.966003,-1.682171
12.6000,0.122834,0.884866,-2.115294
12.6400,0.156336,0.796780,-2.656986
12.6800,0.186576,0.672307,-3.661922
12.7200,0.210121,0.503826,-4.303191
12.7600,0.226882,0.328052,-4.425056
12.8000,0.236365,0.149822,-4.582412
12.8400,0.238868,-0.038541,-4.638007
12.8800,0.233282,-0.221219,-4.380460
12.9200,0.221171,-0.388978,-4.156000
12.9600,0.202163,-0.553699,-4.042125
13.0000,0.176875,-0.712348,-3.728976
13.0400,0.145176,-0.852017,-2.725304
13.0800,0.108713,-0.930372,-1.530903
13.1200,0.070746,-0.974489,-0.998537
13.1600,0.030754,-1.010255,-0.759784
13.2000,-0.010075,-1.035272,-0.185030
13.2400,-0.052068,-1.025057,1.169074
13.2800,-0.092079,-0.941746,2.462162
13.3200,-0.127407,-0.828084,2.941854
13.3600,-0.158326,-0.706398,3.103532
13.4000,-0.183919,-0.579802,3.481370
13.4400,-0.204710,-0.427888,4.196998
13.4800,-0.218150,-0.244042,4.618877
13.5200,-0.224233,-0.058378,4.659163
13.5600,-0.222820,0.128691,4.636881
13.6000,-0.213938,0.312573,4.547683
13.6400,-0.197814,0.492506,4.048758
13.6800,-0.174538,0.636473,3.253173
13.7200,-0.146897,0.752760,2.842893
13.7600,-0.114317,0.863905,2.680740
13.8000,-0.077784,0.967219,2.193981
13.8400,-0.036939,1.039423,0.848408
13.8800,0.005370,1.035091,-0.557919
13.9200,0.045868,0.994790,-1.118480
13.9600,0.084953,0.945613,-1.322397
14.0000,0.121517,0.888998,-1.970407
14.0400,0.156073,0.787980,-3.140934
14.0800,0.184555,0.637723,-3.836936
14.1200,0.207090,0.481025,-4.096933
14.1600,0.223037,0.309969,-4.310421
14.2000,0.231888,0.136192,-4.314164
14.2400,0.233933,-0.035165,-4.354606
14.2800,0.229075,-0.212177,-4.417445
14.3200,0.216959,-0.388560,-4.254761
14.3600,0.197990,-0.552558,-4.022052
14.4000,0.172754,-0.710324,-3.388027
14.4400,0.141164,-0.823600,-2.333431
14.4800,0.106866,-0.896999,-1.736747
14.5200,0.069404,-0.962540,-1.291391
14.5600,0.029863,-1.000310,-0.817145
14.6000,-0.010621,-1.027911,0.023673
14.6400,-0.052370,-0.998416,1.440255
14.6800,-0.090494,-0.912691,2.246179
14.7200,-0.125385,-0.818722,2.654675
14.7600,-0.155992,-0.700317,3.020281
14.8000,-0.181411,-0.577099,3.407569
14.8400,-0.202160,-0.427711,4.138922
14.8800,-0.215628,-0.245986,4.570333
14.9200,-0.221839,-0.062085,4.624113
14.9600,-0.220594,0.123943,4.610621
15.0000,-0.211923,0.306765,4.231713
15.0400,-0.196053,0.462480,3.679103
15.0800,-0.174925,0.601093,3.430382
15.1200,-0.147966,0.736911,3.119584
15.1600,-0.115972,0.850660,2.738467
15.2000,-0.079913,0.955988,1.913075
15.2400,-0.039493,1.003706,0.505673
15.2800,0.000384,0.996442,-0.289442
15.3200,0.040223,0.980551,-0.749572
15.3600,0.078828,0.936476,-1.196174
15.4000,0.115141,0.884857,-1.853542
15.4400,0.149616,0.788193,-3.025067
15.4800,0.178196,0.642852,-3.708053
15.5200,0.201044,0.491549,-3.967637
15.5600,0.217520,0.325441,-4.190208
15.6000,0.227080,0.156332,-4.216579
15.6400,0.230027,-0.011886,-4.294046
15.6800,0.226129,-0.187192,-4.371456
15.7200,0.215051,-0.361602,-4.216510
15.7600,0.197201,-0.524512,-4.001497
15.8000,0.173090,-0.681722,-3.392213
15.8400,0.142663,-0.795890,-2.376066
15.8800,0.109419,-0.871807,-1.800028
15.9200,0.072918,-0.939892,-1.364846
15.9600,0.034228,-0.980995,-0.905775
16.0000,-0.005561,-1.012354,-0.071159
16.0400,-0.046761,-0.986688,1.334659
16.0800,-0.084496,-0.905581,2.126537
16.1200,-0.119207,-0.816565,2.533801
16.1600,-0.149822,-0.702877,2.900238
16.2000,-0.175437,-0.584546,3.288805
16.2400,-0.196585,-0.439773,4.032877
16.2800,-0.210619,-0.261915,4.475467
16.3200,-0.217538,-0.081735,4.481045
16.3600,-0.217158,0.096568,4.492551
16.4000,-0.209813,0.277669,4.264416
16.4400,-0.194944,0.437721,3.730759
16.4800,-0.174795,0.576130,3.425771
16.5200,-0.148854,0.711783,3.309649
16.5600,-0.117853,0.840902,2.883144
16.6000,-0.081582,0.942435,1.657044
16.6400,-0.042458,0.973465,0.359535
16.6800,-0.003705,0.971197,-0.160863
16.7200,0.035238,0.960596,-0.372673
16.7600,0.073143,0.941384,-0.916597
16.8000,0.110549,0.887268,-2.155564
16.8400,0.144125,0.768938,-3.219020
16.8800,0.172064,0.629747,-3.554939
16.9200,0.194504,0.484543,-3.676686
16.9600,0.210827,0.335612,-3.947510
17.0000,0.221353,0.168743,-4.314704
17.0400,0.224327,-0.009565,-4.371304
17.0800,0.220588,-0.180962,-4.277655
17.1200,0.209850,-0.351777,-4.208000
17.1600,0.192446,-0.517602,-3.979942
17.2000,0.168442,-0.670172,-3.219686
17.2400,0.138832,-0.775177,-2.262250
17.2800,0.106427,-0.851152,-1.808574
17.3200,0.070740,-0.919863,-1.597305
17.3600,0.032838,-0.978937,-1.068075
17.4000,-0.007575,-1.005309,0.252226
17.4400,-0.047586,-0.958759,1.553653
17.4800,-0.084276,-0.881016,2.040677
17.5200,-0.118068,-0.795504,2.222685
17.5600,-0.147916,-0.703202,2.734656
17.6000,-0.174324,-0.576732,3.663420
17.6400,-0.194055,-0.410128,4.209233
17.6800,-0.207134,-0.239993,4.336198
17.7200,-0.213254,-0.063232,4.398908
17.7600,-0.212193,0.111919,4.177447
17.8000,-0.204301,0.270964,3.903136
17.8400,-0.190515,0.424170,3.811939
17.8800,-0.170367,0.575919,3.583924
17.9200,-0.144442,0.710884,3.290112
17.9600,-0.113496,0.839128,2.531778
18.0000,-0.077312,0.913426,1.249257
18.0400,-0.040422,0.939068,0.567686
18.0800,-0.002186,0.958841,0.140388
18.1200,0.036285,0.950299,-0.312965
18.1600,0.073838,0.933804,-1.038069
18.2000,0.110990,0.867254,-2.336606
18.2400,0.143218,0.746875,-3.087159
18.2800,0.170740,0.620281,-3.375056
18.3200,0.192840,0.476871,-3.627362
18.3600,0.208889,0.330092,-3.797283
18.4000,0.219248,0.173088,-4.153066
18.4400,0.222736,-0.002153,-4.399838
18.4800,0.219076,-0.178899,-4.341908
18.5200,0.208424,-0.349506,-4.199912
18.5600,0.191115,-0.514892,-3.681382
18.6000,0.167233,-0.644016,-2.869588
18.6400,0.139594,-0.744459,-2.446873
18.6800,0.107676,-0.839766,-2.080521
18.7200,0.072413,-0.910900,-1.669075
18.7600,0.034804,-0.973292,-0.852488
18.8000,-0.005451,-0.979099,0.545381
18.8400,-0.043524,-0.929662,1.324092
18.8800,-0.079824,-0.873172,1.724306
18.9200,-0.113377,-0.791717,2.120711
18.9600,-0.143161,-0.703515,2.635484
19.0000,-0.169659,-0.580878,3.564200
19.0400,-0.189631,-0.418379,4.109698
19.0800,-0.203129,-0.252103,4.243388
19.1200,-0.209800,-0.078908,4.310703
19.1600,-0.209442,0.092754,4.109668
19.2000,-0.202379,0.249865,3.869941
19.2400,-0.189452,0.402349,3.791792
19.2800,-0.170191,0.553209,3.570950
19.3200,-0.145196,0.688025,3.289225
19.3600,-0.115149,0.816347,2.545371
19.4000,-0.079888,0.891655,1.291335
19.4400,-0.043817,0.919653,0.628629
19.4800,-0.006316,0.941945,0.213732
19.5200,0.031538,0.936752,-0.229671
19.5600,0.068625,0.923571,-0.954217
19.6000,0.105424,0.860415,-2.242561
19.6400,0.137458,0.744166,-2.980688
19.6800,0.164957,0.621960,-3.263962
19.7200,0.187215,0.483049,-3.515753
19.7600,0.203601,0.340699,-3.703841
19.8000,0.214470,0.186742,-4.083579
19.8400,0.218541,0.014013,-4.331411
19.8800,0.215592,-0.159771,-4.306122
19.9200,0.205759,-0.330477,-4.171473
19.9600,0.189153,-0.493489,-3.608021
20.0000,0.166280,-0.619118,-2.831258
20.0400,0.139624,-0.719989,-2.464525
20.0800,0.108681,-0.816280,-2.310312
20.1200,0.074321,-0.904814,-1.833704
20.1600,0.036296,-0.962977,-0.572164
20.2000,-0.002717,-0.950587,0.712801
20.2400,-0.039751,-0.905953,1.205416
20.2800,-0.075193,-0.854154,1.376620
20.3200,-0.108083,-0.795823,1.848742
20.3600,-0.138859,-0.706255,2.894307
20.4000,-0.164584,-0.564279,3.734245
20.4400,-0.184001,-0.407515,3.964369
20.4800,-0.197185,-0.247129,4.007455
20.5200,-0.203771,-0.086919,4.120124
20.5600,-0.204139,0.082481,4.161915
20.6000,-0.197173,0.246035,3.907755
20.6400,-0.184456,0.395101,3.707595
20.6800,-0.165565,0.542642,3.620404
20.7200,-0.141044,0.684734,3.306714
20.7600,-0.110786,0.807179,2.299817
20.8000,-0.076470,0.868719,1.128454
20.8400,-0.041289,0.897456,0.644422
20.8800,-0.004674,0.920273,0.484218
20.9200,0.032333,0.936193,-0.029008
20.9600,0.070222,0.917952,-1.319164
21.0000,0.105769,0.830660,-2.503049
21.0400,0.136675,0.717708,-2.901042
21.0800,0.163186,0.598577,-3.015500
21.1200,0.184561,0.476468,-3.289899
21.1600,0.201304,0.335385,-3.872287
21.2000,0.211391,0.166685,-4.255014
21.2400,0.214638,-0.005016,-4.287858
21.2800,0.210990,-0.176343,-4.243204
21.3200,0.200531,-0.344473,-3.843522
21.3600,0.183432,-0.483825,-3.231057
21.4000,0.161825,-0.602957,-2.939661
21.4400,0.135196,-0.718998,-2.649732
21.4800,0.104305,-0.814936,-2.308522
21.5200,0.070001,-0.903680,-1.539779
21.5600,0.032011,-0.938118,-0.209673
21.6000,-0.005049,-0.920454,0.533976
21.6400,-0.041626,-0.895400,0.940393
21.6800,-0.076681,-0.845222,1.336872
21.7200,-0.109243,-0.788450,1.934110
21.7600,-0.139757,-0.690493,3.009507
21.8000,-0.164483,-0.547690,3.631697
21.8400,-0.183572,-0.399958,3.840562
21.8800,-0.196479,-0.240445,3.984412
21.9200,-0.202807,-0.081205,3.923796
21.9600,-0.202976,0.073459,3.929086
22.0000,-0.196931,0.233122,3.985811
22.0400,-0.184326,0.392324,3.843601
22.0800,-0.165545,0.540610,3.642493
22.1200,-0.141077,0.683723,2.999261
22.1600,-0.110847,0.780551,1.912674
22.2000,-0.078633,0.836737,1.336497
22.2400,-0.043908,0.887471,0.957799
22.2800,-0.007635,0.913361,0.560270
22.3200,0.029161,0.932293,-0.185620
22.3600,0.066948,0.898511,-1.529110
22.4000,0.101042,0.809964,-2.300016
22.4400,0.131745,0.714510,-2.634596
22.4800,0.158203,0.599196,-2.919501
22.5200,0.179681,0.480950,-3.198179
22.5600,0.196679,0.343342,-3.787651
22.6000,0.207148,0.177938,-4.175010
22.6400,0.210914,0.009341,-4.217944
22.6800,0.207895,-0.159498,-4.187470
22.7200,0.198154,-0.325657,-3.804993
22.7600,0.181843,-0.463897,-3.212642
22.8000,0.161042,-0.582668,-2.937185
22.8400,0.135230,-0.698872,-2.658729
22.8800,0.105132,-0.795366,-2.322378
22.9200,0.071600,-0.884662,-1.567930
22.9600,0.034359,-0.920801,-0.261527
23.0000,-0.002064,-0.905584,0.473226
23.0400,-0.038087,-0.882942,0.872618
23.0800,-0.072699,-0.835775,1.257836
23.1200,-0.104949,-0.782316,1.847779
23.1600,-0.135284,-0.687952,2.920180
23.2000,-0.159985,-0.548701,3.542981
23.2400,-0.179181,-0.404514,3.750963
23.2800,-0.192347,-0.248624,3.895017
23.3200,-0.199070,-0.092913,3.848260
23.3600,-0.199780,0.059237,3.874451
23.4000,-0.194332,0.217044,3.937979
23.4400,-0.182416,0.374275,3.879150
23.4800,-0.164390,0.527376,3.655092
23.5200,-0.140226,0.666682,2.845798
23.5600,-0.111055,0.755039,1.827171
23.6000,-0.079823,0.812856,1.378204
23.6400,-0.046026,0.865296,1.229981
23.6800,-0.010599,0.911254,0.757146
23.7200,0.026874,0.925868,-0.501499
23.7600,0.063470,0.871135,-1.731011
23.8000,0.096565,0.787387,-2.177202
23.8400,0.126461,0.696958,-2.314987
23.8800,0.152321,0.602188,-2.673412
23.9200,0.174636,0.483086,-3.411921
23.9600,0.190968,0.329234,-3.928651
24.0000,0.200975,0.168793,-4.052934
24.0400,0.204472,0.004999,-4.083145
24.0800,0.201375,-0.157858,-4.063717
24.1200,0.191843,-0.320098,-3.738266
24.1600,0.175767,-0.456919,-3.163727
24.2000,0.155289,-0.573196,-2.873937
24.2400,0.129911,-0.686834,-2.770196
24.2800,0.100343,-0.794812,-2.388962
24.3200,0.066326,-0.877951,-1.260265
24.3600,0.030107,-0.895633,-0.037923
24.4000,-0.005324,-0.880985,0.454039
24.4400,-0.040372,-0.859310,0.622474
24.4800,-0.074069,-0.831187,1.084168
24.5200,-0.106867,-0.772577,2.187904
24.5600,-0.135875,-0.656155,3.159775
24.6000,-0.159360,-0.519795,3.467357
24.6400,-0.177459,-0.378766,3.547328
24.6800,-0.189661,-0.236008,3.633759
24.7200,-0.196340,-0.088066,3.860387
24.7600,-0.196706,0.072823,4.029539
24.8000,-0.190514,0.234297,3.956224
24.8400,-0.177962,0.389321,3.823798
24.8800,-0.159368,0.540201,3.296029
24.9200,-0.134746,0.653003,2.424876
24.9600,-0.107128,0.734191,1.958546
25.0000,-0.076011,0.809687,1.600717
25.0400,-0.042353,0.862249,1.236369
25.0800,-0.007031,0.908596,0.500716
25.1200,0.030335,0.902306,-0.818385
25.1600,0.065153,0.843125,-1.575949
25.2000,0.097785,0.776230,-1.954909
25.2400,0.127252,0.686733,-2.290179
25.2800,0.152723,0.593016,-2.665982
25.3200,0.174693,0.473454,-3.413023
25.3600,0.190600,0.319974,-3.899809
25.4000,0.200291,0.161469,-4.019122
25.4400,0.203517,-0.001556,-4.069812
25.4800,0.200166,-0.164116,-3.830351
25.5200,0.190388,-0.307984,-3.448463
25.5600,0.175528,-0.439993,-3.276287
25.6000,0.155189,-0.570087,-3.058240
25.6400,0.129921,-0.684652,-2.791201
25.6800,0.100416,-0.793383,-2.108844
25.7200,0.066450,-0.853359,-0.918851
25.7600,0.032148,-0.866891,-0.239199
25.8000,-0.002901,-0.872495,0.169398
25.8400,-0.037652,-0.853339,0.560809
25.8800,-0.071168,-0.827631,1.189607
25.9200,-0.103862,-0.758171,2.321754
25.9600,-0.131822,-0.641890,2.984939
26.0000,-0.155214,-0.519376,3.250734
26.0400,-0.173372,-0.381832,3.459175
26.0800,-0.185760,-0.242642,3.550890
26.1200,-0.192783,-0.097760,3.792596
26.1600,-0.193581,0.060766,3.970665
26.2000,-0.187922,0.219893,3.906724
26.2400,-0.175989,0.373304,3.783535
26.2800,-0.158058,0.522576,3.266973
26.3200,-0.134183,0.634662,2.423253
26.3600,-0.107285,0.716436,1.975173
26.4000,-0.076869,0.792676,1.620795
26.4400,-0.043871,0.846099,1.259628
26.4800,-0.009181,0.893446,0.539192
26.5200,0.027605,0.889235,-0.763767
26.5600,0.061958,0.832345,-1.514412
26.6000,0.094193,0.768082,-1.884909
26.6400,0.123405,0.681552,-2.222143
26.6800,0.148717,0.590310,-2.603157
26.7200,0.170630,0.473299,-3.343068
26.7600,0.186581,0.322865,-3.822471
26.8000,0.196459,0.167502,-3.944636
26.8400,0.199981,0.007294,-3.995435
26.8800,0.197042,-0.152133,-3.763066
26.9200,0.187810,-0.293751,-3.406077
26.9600,0.173542,-0.424619,-3.244257
27.0000,0.153841,-0.553292,-3.154731
27.0400,0.129279,-0.676998,-2.850130
27.0800,0.099681,-0.781302,-1.889231
27.1200,0.066775,-0.828136,-0.778138
27.1600,0.033430,-0.843553,-0.289359
27.2000,-0.000710,-0.851285,-0.103152
27.2400,-0.034673,-0.851805,0.355846
27.2800,-0.068854,-0.822817,1.471922
27.3200,-0.100498,-0.734052,2.509182
27.3600,-0.127578,-0.622083,2.872578
27.4000,-0.150265,-0.504245,2.981447
27.4400,-0.167918,-0.383567,3.242868
27.4800,-0.180950,-0.244816,3.693270
27.5200,-0.187503,-0.088105,3.886301
27.5600,-0.187999,0.066088,3.864771
27.6000,-0.182216,0.221076,3.836217
27.6400,-0.170313,0.372985,3.706571
27.6800,-0.152377,0.517602,3.136013
27.7200,-0.128904,0.623867,2.327319
27.7600,-0.102468,0.703788,1.931406
27.8000,-0.072601,0.778379,1.781852
27.8400,-0.040198,0.846336,1.355170
27.8800,-0.004895,0.886793,0.187742
27.9200,0.030746,0.861355,-1.008786
27.9600,0.064014,0.806090,-1.474839
28.0000,0.095233,0.743368,-1.645330
28.0400,0.123483,0.674463,-2.053969
28.0800,0.149190,0.579050,-2.899644
28.1200,0.169807,0.442492,-3.548331
28.1600,0.184589,0.295184,-3.743906
28.2000,0.193422,0.142979,-3.818113
28.2400,0.196028,-0.010265,-3.719345
28.2800,0.192601,-0.154568,-3.567652
28.3200,0.183662,-0.295677,-3.499144
28.3600,0.168947,-0.434500,-3.320638
28.4000,0.148902,-0.561328,-3.111955
28.4400,0.124040,-0.683456,-2.520928
28.4800,0.094226,-0.763002,-1.494005
28.5200,0.063000,-0.802977,-0.905793
28.5600,0.029988,-0.835466,-0.510124
28.6000,-0.003837,-0.843786,-0.118275
28.6400,-0.037515,-0.844928,0.544618
28.6800,-0.071431,-0.800217,1.712500
28.7200,-0.101533,-0.707928,2.391650
28.7600,-0.128066,-0.608885,2.697227
28.8000,-0.150243,-0.492150,2.956769
28.8400,-0.167438,-0.372344,3.177894
28.8800,-0.180031,-0.237918,3.615694
28.9200,-0.186471,-0.083088,3.885215
28.9600,-0.186678,0.072899,3.878024
29.0000,-0.180639,0.227154,3.820986
29.0400,-0.168506,0.378578,3.427495
29.0800,-0.150353,0.501354,2.794835
29.1200,-0.128397,0.602165,2.464623
29.1600,-0.102180,0.698523,2.145381
29.2000,-0.072515,0.773795,1.802967
29.2400,-0.040276,0.842761,1.113253
29.2800,-0.005095,0.862855,-0.111091
29.3200,0.028752,0.833874,-0.826273
29.3600,0.061615,0.796754,-1.222322
29.4000,0.092493,0.736088,-1.587287
29.4400,0.120502,0.669771,-2.054873
29.4800,0.146074,0.571698,-2.913243
29.5200,0.166238,0.436711,-3.437632
29.5600,0.181011,0.296687,-3.613568
29.6000,0.189973,0.147626,-3.741585
29.6400,0.192821,-0.002639,-3.650221
29.6800,0.189762,-0.144392,-3.512707
29.7200,0.181270,-0.283656,-3.457743
29.7600,0.167070,-0.421011,-3.287215
29.8000,0.147589,-0.546633,-3.080532
29.8400,0.123339,-0.667454,-2.498303
29.8800,0.094193,-0.746498,-1.493603
29.9200,0.063619,-0.786942,-0.922970
29.9600,0.031237,-0.820335,-0.537422
30.0000,-0.002008,-0.829936,-0.147152
30.0400,-0.035158,-0.832107,0.507313
30.0800,-0.068576,-0.789351,1.649120
30.1200,-0.098306,-0.700178,2.314069
30.1600,-0.124591,-0.604225,2.622781
30.2000,-0.146644,-0.490355,2.886835
30.2400,-0.163819,-0.373279,3.111759
30.2800,-0.176506,-0.241415,3.554778
30.3200,-0.183132,-0.088896,3.825675
30.3600,-0.183618,0.064639,3.819083
30.4000,-0.177961,0.216630,3.768362
30.4400,-0.166287,0.366108,3.384848
30.4800,-0.148672,0.487418,2.762519
30.5200,-0.127294,0.587110,2.440648
30.5600,-0.101703,0.682670,2.308820
30.6000,-0.072680,0.771816,1.916357
30.6400,-0.039958,0.835979,0.829254
30.6800,-0.005802,0.838156,-0.309787
30.7200,0.027094,0.811196,-0.765997
30.7600,0.059094,0.776876,-0.941956
30.8000,0.089244,0.735839,-1.379140
30.8400,0.117961,0.666545,-2.327735
30.8800,0.142568,0.549620,-3.094003
30.9200,0.161931,0.419025,-3.329008
30.9600,0.176090,0.283300,-3.420376
31.0000,0.184595,0.145395,-3.572664
31.0400,0.187721,-0.002513,-3.683162
31.0800,0.184393,-0.149258,-3.528516
31.1200,0.175781,-0.284795,-3.364963
31.1600,0.161610,-0.418455,-3.292066
31.2000,0.142304,-0.548160,-3.065717
31.2400,0.117757,-0.663713,-2.287504
31.2800,0.089207,-0.731160,-1.340499
31.3200,0.059264,-0.770953,-0.904294
31.3600,0.027531,-0.803504,-0.713385
31.4000,-0.005016,-0.828023,-0.263067
31.4400,-0.038711,-0.824549,0.834311
31.4800,-0.070980,-0.761279,1.888822
31.5200,-0.099613,-0.673443,2.279656
31.5600,-0.124855,-0.578906,2.418470
31.6000,-0.145926,-0.479966,2.734292
31.6400,-0.163253,-0.360163,3.341592
31.6800,-0.174739,-0.212638,3.718811
31.7200,-0.180264,-0.062658,3.761201
31.7600,-0.179751,0.088258,3.749124
31.8000,-0.173203,0.237272,3.464148
31.8400,-0.160769,0.365389,3.033361
31.8800,-0.143972,0.479941,2.831960
31.9200,-0.122374,0.591946,2.576996
31.9600,-0.096616,0.686101,2.270061
32.0000,-0.067486,0.773551,1.599074
32.0400,-0.034732,0.814027,0.455502
32.0800,-0.002364,0.809991,-0.177844
32.1200,0.030067,0.799799,-0.551361
32.1600,0.061620,0.765882,-0.931908
32.2000,0.091338,0.725246,-1.479983
32.2400,0.119640,0.647484,-2.452360
32.2800,0.143136,0.529058,-3.019594
32.3200,0.161964,0.405916,-3.222559
32.3600,0.175610,0.271253,-3.395586
32.4000,0.183664,0.134269,-3.424518
32.4400,0.186351,-0.002709,-3.501608
32.4800,0.183448,-0.145859,-3.573003
32.5200,0.174682,-0.288549,-3.453740
32.5600,0.160364,-0.422159,-3.289819
32.6000,0.140910,-0.551734,-2.794342
32.6400,0.116225,-0.645706,-1.948275
32.6800,0.089253,-0.707596,-1.470711
32.7200,0.059617,-0.763363,-1.114885
32.7600,0.028184,-0.796787,-0.741071
32.8000,-0.004126,-0.822648,-0.072170
32.8400,-0.037628,-0.802561,1.076381
32.8800,-0.068330,-0.736538,1.727665
32.9200,-0.096551,-0.664348,2.050709
32.9600,-0.121478,-0.572481,2.353032
33.0000,-0.142349,-0.476105,2.675662
33.0400,-0.159567,-0.358428,3.279733
33.0800,-0.171023,-0.213726,3.642818
33.1200,-0.176665,-0.067003,3.683034
33.1600,-0.176384,0.080916,3.676292
33.2000,-0.170191,0.227100,3.404547
33.2400,-0.158216,0.353280,2.991731
33.2800,-0.141929,0.466439,2.795679
33.3200,-0.120900,0.576934,2.546666
33.3600,-0.095774,0.670172,2.253212
33.4000,-0.067287,0.757191,1.599511
33.4400,-0.035199,0.798133,0.477375
33.4800,-0.003436,0.795381,-0.146975
33.5200,0.028432,0.786375,-0.513886
33.5600,0.059474,0.754271,-0.883076
33.6000,0.088773,0.715729,-1.427150
33.6400,0.116732,0.640099,-2.398115
33.6800,0.139981,0.523880,-2.959173
33.7200,0.158643,0.403365,-3.155410
33.7600,0.172250,0.271447,-3.328392
33.8000,0.180358,0.137093,-3.361738
33.8400,0.183218,0.002508,-3.442953
33.8800,0.180559,-0.138343,-3.513745
33.9200,0.172150,-0.278592,-3.460692
33.9600,0.158272,-0.415198,-3.284072
34.0000,0.138934,-0.541317,-2.659780
34.0400,0.114966,-0.627981,-1.861246
34.0800,0.088696,-0.690217,-1.477754
34.1200,0.059749,-0.746201,-1.298419
34.1600,0.029000,-0.794091,-0.863307
34.2000,-0.003778,-0.815265,0.205741
34.2400,-0.036221,-0.777631,1.257627
34.2800,-0.065989,-0.714655,1.653035
34.3200,-0.093394,-0.645388,1.795041
34.3600,-0.117620,-0.571052,2.150623
34.4000,-0.139078,-0.473339,2.885178
34.4400,-0.155487,-0.340238,3.420384
34.4800,-0.166297,-0.199708,3.537509
34.5200,-0.171464,-0.057237,3.539784
34.5600,-0.170876,0.083475,3.552650
34.6000,-0.164786,0.226975,3.382905
34.6400,-0.152718,0.354107,2.964959
34.6800,-0.136457,0.464172,2.719177
34.7200,-0.115584,0.571641,2.614212
34.7600,-0.090726,0.673309,2.280625
34.8000,-0.061719,0.754091,1.315601
34.8400,-0.030398,0.778557,0.263201
34.8800,0.000565,0.775147,-0.156745
34.9200,0.031613,0.766017,-0.306913
34.9600,0.061847,0.750594,-0.749365
35.0000,0.091661,0.706068,-1.770041
35.0400,0.118332,0.608991,-2.640191
35.0800,0.140380,0.494853,-2.911184
35.1200,0.157920,0.376096,-2.995389
35.1600,0.170468,0.255221,-3.119376
35.2000,0.178338,0.126546,-3.392893
35.2400,0.180592,-0.016210,-3.574496
35.2800,0.177041,-0.159413,-3.511342
35.3200,0.167839,-0.297117,-3.396017
35.3600,0.153272,-0.431095,-2.980423
35.4000,0.133351,-0.535551,-2.303115
35.4400,0.110428,-0.615344,-1.934425
35.4800,0.084123,-0.690305,-1.620562
35.5200,0.055203,-0.744989,-1.272411
35.5600,0.024524,-0.792098,-0.604236
35.6000,-0.008165,-0.793328,0.524162
35.6400,-0.038942,-0.750165,1.149913
35.6800,-0.068178,-0.701335,1.472305
35.7200,-0.095049,-0.632381,1.783708
35.7600,-0.118768,-0.558638,2.192813
35.8000,-0.139740,-0.456956,2.937292
35.8400,-0.155325,-0.323655,3.368088
35.8800,-0.165632,-0.187509,3.474843
35.9200,-0.170325,-0.045667,3.524214
35.9600,-0.169285,0.094429,3.349907
36.0000,-0.162771,0.222325,3.133939
36.0400,-0.151499,0.345144,3.044545
36.0800,-0.135160,0.465889,2.853201
36.1200,-0.114228,0.573400,2.615944
36.1600,-0.089288,0.675164,1.999651
36.2000,-0.060215,0.733372,0.967985
36.2400,-0.030618,0.752603,0.420763
36.2800,-0.000007,0.767033,0.082304
36.3200,0.030745,0.759187,-0.275968
36.3600,0.060728,0.744955,-0.867403
36.4000,0.090341,0.689795,-1.917893
36.4400,0.115912,0.591524,-2.516405
36.4800,0.137663,0.488483,-2.744577
36.5200,0.154990,0.371958,-2.940821
36.5600,0.167420,0.253217,-3.062541
36.6000,0.175248,0.126955,-3.326434
36.6400,0.177576,-0.012898,-3.506450
36.6800,0.174216,-0.153561,-3.452939
36.7200,0.165291,-0.289133,-3.339085
36.7600,0.151085,-0.420688,-2.925430
36.8000,0.131636,-0.523167,-2.266234
36.8400,0.109232,-0.601987,-1.914067
36.8800,0.083477,-0.676293,-1.611174
36.9200,0.055128,-0.730881,-1.270040
36.9600,0.025007,-0.777896,-0.610981
37.0000,-0.007103,-0.779759,0.493434
37.0400,-0.037374,-0.738421,1.109045
37.0800,-0.066177,-0.691036,1.434869
37.1200,-0.092657,-0.623632,1.741804
37.1600,-0.116067,-0.551691,2.144557
37.2000,-0.136792,-0.452067,2.882942
37.2400,-0.152233,-0.321056,3.309105
37.2800,-0.162477,-0.187339,3.412988
37.3200,-0.167220,-0.048017,3.463311
37.3600,-0.166318,0.089726,3.294768
37.4000,-0.160042,0.215564,3.086964
37.4400,-0.149073,0.336683,3.005206
37.4800,-0.133107,0.455981,2.920735
37.5200,-0.112595,0.570342,2.643502
37.5600,-0.087480,0.667461,1.795332
37.6000,-0.059198,0.713969,0.827381
37.6400,-0.030362,0.733652,0.427273
37.6800,-0.000506,0.748151,0.294774
37.7200,0.029490,0.757233,-0.117915
37.7600,0.060073,0.738717,-1.161234
37.8000,0.088587,0.664335,-2.113059
37.8400,0.113220,0.569673,-2.430344
37.8800,0.134161,0.469907,-2.525510
37.9200,0.150813,0.367632,-2.761843
37.9600,0.163572,0.248960,-3.192017
38.0000,0.170729,0.112271,-3.405796
38.0400,0.172553,-0.023504,-3.403174
38.0800,0.168849,-0.159983,-3.374961
38.1200,0.159755,-0.293501,-3.257190
38.1600,0.145369,-0.420559,-2.799389
38.2000,0.126110,-0.517452,-2.169094
38.2400,0.103973,-0.594086,-1.857217
38.2800,0.078583,-0.666029,-1.712063
38.3200,0.050690,-0.731051,-1.323048
38.3600,0.020099,-0.771873,-0.314900
38.4000,-0.011059,-0.756243,0.710291
38.4400,-0.040401,-0.715050,1.102710
38.4800,-0.068263,-0.668026,1.240930
38.5200,-0.093843,-0.615775,1.607796
38.5600,-0.117525,-0.539403,2.425198
38.6000,-0.136995,-0.421759,3.083472
38.6400,-0.151266,-0.292725,3.260098
38.6800,-0.160413,-0.160952,3.290855
38.7200,-0.164142,-0.029457,3.219393
38.7600,-0.162769,0.096600,3.177104
38.8000,-0.156414,0.224712,3.191326
38.8400,-0.144793,0.351906,3.053387
38.8800,-0.128262,0.468983,2.873924
38.9200,-0.107274,0.581820,2.331337
38.9600,-0.081716,0.655490,1.407174
39.0000,-0.054835,0.694394,0.916630
39.0400,-0.026165,0.728820,0.601388
39.0800,0.003471,0.742505,0.272683
39.1200,0.033236,0.750635,-0.321383
39.1600,0.063522,0.716794,-1.394035
39.2000,0.090579,0.639112,-2.014741
39.2400,0.114651,0.555615,-2.284378
39.2800,0.135028,0.456362,-2.509187
39.3200,0.151159,0.354880,-2.706804
39.3600,0.163419,0.239817,-3.129455
39.4000,0.170345,0.104523,-3.407253
39.4400,0.171781,-0.032763,-3.413113
39.4800,0.167724,-0.168526,-3.360282
39.5200,0.158299,-0.301586,-3.033782
39.5600,0.143597,-0.411228,-2.524197
39.6000,0.125400,-0.503521,-2.267330
39.6400,0.103315,-0.592615,-2.014630
39.6800,0.077991,-0.664692,-1.723101
39.7200,0.050140,-0.730463,-1.099262
39.7600,0.019554,-0.752633,-0.030454
39.8000,-0.010071,-0.732899,0.565353
39.8400,-0.039078,-0.707404,0.886620
39.8800,-0.066663,-0.661969,1.202039
39.9200,-0.092035,-0.611241,1.663996
39.9600,-0.115562,-0.528850,2.500697
40.0000,-0.134343,-0.411186,2.988977
40.0400,-0.148457,-0.289731,3.140228
40.0800,-0.157522,-0.159967,3.238335
40.1200,-0.161255,-0.030665,3.161895
40.1600,-0.159975,0.092984,3.116428
40.2000,-0.153816,0.218650,3.133267
40.2400,-0.142483,0.343646,3.003172
40.2800,-0.126324,0.458903,2.825057
40.3200,-0.105771,0.569650,2.293151
40.3600,-0.080752,0.642355,1.399770
40.4000,-0.054382,0.681632,0.917889
40.4400,-0.026222,0.715787,0.600200
40.4800,0.002881,0.729648,0.282730
40.5200,0.032150,0.738405,-0.300996
40.5600,0.061953,0.705568,-1.361495
40.6000,0.088596,0.629485,-1.969164
40.6400,0.112312,0.548035,-2.231180
40.6800,0.132438,0.450991,-2.459078
40.7200,0.148391,0.351309,-2.658221
40.7600,0.160543,0.238333,-3.072561
40.8000,0.167458,0.105504,-3.345760
40.8400,0.168983,-0.029328,-3.356806
40.8800,0.165112,-0.163041,-3.313387
40.9200,0.155940,-0.294398,-2.995514
40.9600,0.141560,-0.402682,-2.490984
41.0000,0.123726,-0.493677,-2.239905
41.0400,0.102066,-0.581874,-2.135466
41.0800,0.077176,-0.664514,-1.790376
41.1200,0.048904,-0.725104,-0.844398
41.1600,0.019167,-0.732066,0.146287
41.2000,-0.009661,-0.713401,0.539487
41.2400,-0.037905,-0.688907,0.676185
41.2800,-0.064774,-0.659306,1.046508
41.3200,-0.090649,-0.605187,1.919019
41.3600,-0.113188,-0.505785,2.672297
41.4000,-0.131112,-0.391403,2.903273
41.4400,-0.144501,-0.273523,2.957533
41.4800,-0.152994,-0.154800,3.088913
41.5200,-0.156885,-0.026410,3.230947
41.5600,-0.155107,0.103675,3.149364
41.6000,-0.148591,0.225539,3.035730
41.6400,-0.137064,0.346534,2.982447
41.6800,-0.120868,0.464135,2.784962
41.7200,-0.099933,0.569331,2.091823
41.7600,-0.075321,0.631481,1.247477
41.8000,-0.049414,0.669129,0.880172
41.8400,-0.021791,0.701894,0.751608
41.8800,0.006737,0.729258,0.369684
41.9200,0.036549,0.731469,-0.629897
41.9600,0.065255,0.678866,-1.594714
42.0000,0.090859,0.603892,-1.945949
42.0400,0.113566,0.523190,-2.062357
42.0800,0.132714,0.438904,-2.335192
42.1200,0.148678,0.336375,-2.871359
42.1600,0.159624,0.209195,-3.223029
42.2000,0.165414,0.078532,-3.294832
42.2400,0.165906,-0.054392,-3.306253
42.2800,0.161063,-0.185968,-3.067256
42.3200,0.151029,-0.299772,-2.701708
42.3600,0.137081,-0.402105,-2.531503
42.4000,0.118861,-0.502292,-2.327113
42.4400,0.096897,-0.588274,-2.083495
42.4800,0.071799,-0.668972,-1.503186
42.5200,0.043380,-0.708529,-0.502179
42.5600,0.015116,-0.709146,0.056495
42.6000,-0.013352,-0.704009,0.376057
42.6400,-0.041204,-0.679062,0.685720
42.6800,-0.067677,-0.649151,1.177123
42.7200,-0.093136,-0.584892,2.072958
42.7600,-0.114468,-0.483315,2.595273
42.8000,-0.131802,-0.377270,2.789731
42.8400,-0.144650,-0.260136,2.942900
42.8800,-0.152612,-0.141838,2.989856
42.9200,-0.155997,-0.020948,3.162554
42.9600,-0.154288,0.111166,3.285475
43.0000,-0.147104,0.241890,3.109295
43.0400,-0.134937,0.359910,2.780925
43.0800,-0.118311,0.464364,2.173154
43.1200,-0.097788,0.533762,1.458933
43.1600,-0.075610,0.581079,1.156796
43.2000,-0.051302,0.626306,0.933742
43.2400,-0.025505,0.655778,0.548744
43.2800,0.001161,0.670205,-0.023640
43.3200,0.028111,0.653887,-0.622431
43.3600,0.053472,0.620411,-0.828687
43.4000,0.077744,0.587592,-0.951345
43.4400,0.100479,0.544303,-1.193627
43.4800,0.121288,0.492102,-1.400133
43.5200,0.139847,0.432293,-1.143641
43.5600,0.155872,0.400611,-0.792047
