t_s,theta_teo_rad,omega_teo_rad_s,alpha_teo_rad_s2,theta_sim_rad,omega_sim_rad_s,alpha_sim_rad_s2
-0.0800,0.270525,0.455664,-5.448929,0.288950,0.000000,-5.706254
-0.0400,0.284306,0.231553,-5.726515,0.284372,-0.228250,-5.614604
0.0000,0.288950,-0.000000,-5.820045,0.270788,-0.449168,-5.345561
0.0400,0.284306,-0.231553,-5.726515,0.248628,-0.655895,-4.909508
0.0800,0.270525,-0.455664,-5.448929,0.218592,-0.841929,-4.317784
0.1200,0.248049,-0.665130,-4.996211,0.181629,-1.001318,-3.586702
0.1600,0.217600,-0.853218,-4.382910,0.138912,-1.128865,-2.737775
0.2000,0.180157,-1.013883,-3.628739,0.091802,-1.220340,-1.797565
0.2400,0.136924,-1.141960,-2.757937,0.041807,-1.272670,-0.796995
0.2800,0.089290,-1.233334,-1.798493,-0.009466,-1.284099,0.229890
0.3200,0.038787,-1.285068,-0.781244,-0.060370,-1.254279,1.247631
0.3600,-0.012964,-1.295499,0.261115,-0.109272,-1.184289,2.221271
0.4000,-0.064297,-1.264291,1.295082,-0.154610,-1.076577,3.118206
0.4400,-0.113565,-1.192448,2.287423,-0.194944,-0.934832,3.909694
0.4800,-0.159182,-1.082278,3.206245,-0.229005,-0.763802,4.571840
0.5200,-0.199683,-0.937324,4.022016,-0.255732,-0.569085,5.086013
0.5600,-0.233765,-0.762243,4.708516,-0.274299,-0.356921,5.438788
0.6000,-0.260335,-0.562662,5.243680,-0.284142,-0.133982,5.621605
0.6400,-0.278537,-0.344998,5.610308,-0.284967,0.092808,5.630360
0.6800,-0.287787,-0.116245,5.796615,-0.276759,0.316447,5.465120
0.7200,-0.287787,0.116245,5.796615,-0.259785,0.530017,5.130090
0.7600,-0.278537,0.344998,5.610308,-0.234581,0.726854,4.633822
0.8000,-0.260335,0.562662,5.243680,-0.201943,0.900723,3.989579
0.8400,-0.233765,0.762243,4.708516,-0.162905,1.046020,3.215658
0.8800,-0.199683,0.937324,4.022016,-0.118707,1.157976,2.335472
0.9200,-0.159182,1.082278,3.206245,-0.070762,1.232858,1.377184
0.9600,-0.113565,1.192448,2.287423,-0.020607,1.268150,0.372798
1.0000,-0.064297,1.264291,1.295082,0.030146,1.262682,-0.643271
1.0400,-0.012964,1.295499,0.261115,0.079867,1.216689,-1.635979
1.0800,0.038787,1.285068,-0.781244,0.126962,1.131803,-2.571546
1.1200,0.089290,1.233334,-1.798493,0.169931,1.010965,-3.419157
1.1600,0.136924,1.141960,-2.757937,0.207414,0.858271,-4.152252
1.2000,0.180157,1.013883,-3.628739,0.238235,0.678785,-4.749263
1.2400,0.217600,0.853218,-4.382910,0.261437,0.478330,-5.193839
1.2800,0.248049,0.665130,-4.996211,0.276307,0.263278,-5.474657
1.3200,0.270525,0.455664,-5.448929,0.282394,0.040357,-5.585052
1.3600,0.284306,0.231553,-5.726515,0.279523,-0.183526,-5.522658
1.4000,0.288950,-0.000000,-5.820045,0.267792,-0.401456,-5.289227
1.4400,0.284306,-0.231553,-5.726515,0.247576,-0.606665,-4.890694
1.4800,0.270525,-0.455664,-5.448929,0.219514,-0.792711,-4.337456
1.5200,0.248049,-0.665130,-4.996211,0.184494,-0.953661,-3.644720
1.5600,0.217600,-0.853218,-4.382910,0.143626,-1.084289,-2.832737
1.6000,0.180157,-1.013883,-3.628739,0.098213,-1.180280,-1.926701
1.6400,0.136924,-1.141960,-2.757937,0.049709,-1.238425,-0.956165
1.6800,0.089290,-1.233334,-1.798493,-0.000329,-1.256773,0.046075
1.7200,0.038787,-1.285068,-0.781244,-0.050294,-1.234739,1.045551
1.7600,-0.012964,-1.295499,0.261115,-0.098580,-1.173129,2.007952
1.8000,-0.064297,-1.264291,1.295082,-0.143645,-1.074103,2.900926
1.8400,-0.113565,-1.192448,2.287423,-0.184054,-0.941055,3.695610
1.8800,-0.159182,-1.082278,3.206245,-0.218535,-0.778454,4.367684
1.9200,-0.199683,-0.937324,4.022016,-0.246008,-0.591640,4.897888
1.9600,-0.233765,-0.762243,4.708516,-0.265623,-0.386623,5.272071
2.0000,-0.260335,-0.562662,5.243680,-0.276781,-0.169875,5.480920
2.0400,-0.278537,-0.344998,5.610308,-0.279147,0.051851,5.519593
2.0800,-0.287787,-0.116245,5.796615,-0.272658,0.271693,5.387431
2.1200,-0.287787,0.116245,5.796615,-0.257527,0.482845,5.087882
2.1600,-0.278537,0.344998,5.610308,-0.234234,0.678723,4.628652
2.2000,-0.260335,0.562662,5.243680,-0.203516,0.853137,4.022020
2.2400,-0.233765,0.762243,4.708516,-0.166344,1.000485,3.285143
2.2800,-0.199683,0.937324,4.022016,-0.123902,1.115949,2.440154
2.3200,-0.159182,1.082278,3.206245,-0.077545,1.195697,1.513870
2.3600,-0.113565,1.192448,2.287423,-0.028759,1.237058,0.536993
2.4000,-0.064297,1.264291,1.295082,0.020889,1.238657,-0.457192
2.4400,-0.012964,1.295499,0.261115,0.069803,1.200483,-1.434489
2.4800,0.038787,1.285068,-0.781244,0.116415,1.123898,-2.361604
2.5200,0.089290,1.233334,-1.798493,0.159237,1.011555,-3.207833
2.5600,0.136924,1.141960,-2.757937,0.196913,0.867271,-3.946385
2.6000,0.180157,1.013883,-3.628739,0.228256,0.695844,-4.555206
2.6400,0.217600,0.853218,-4.382910,0.252292,0.502854,-5.017297
2.6800,0.248049,0.665130,-4.996211,0.268279,0.294460,-5.320621
2.7200,0.270525,0.455664,-5.448929,0.275731,0.077205,-5.457791
2.7600,0.284306,0.231553,-5.726515,0.274427,-0.142163,-5.425730
2.8000,0.288950,-0.000000,-5.820045,0.264420,-0.356854,-5.225474
2.8400,0.284306,-0.231553,-5.726515,0.246031,-0.560201,-4.862188
2.8800,0.270525,-0.455664,-5.448929,0.219841,-0.745829,-4.345394
2.9200,0.248049,-0.665130,-4.996211,0.186680,-0.907832,-3.689277
2.9600,0.217600,-0.853218,-4.382910,0.147599,-1.040971,-2.912915
3.0000,0.180157,-1.013883,-3.628739,0.103846,-1.140866,-2.040219
3.0400,0.136924,-1.141960,-2.757937,0.056818,-1.204189,-1.099437
3.0800,0.089290,-1.233334,-1.798493,0.008027,-1.228821,-0.122148
3.1200,0.038787,-1.285068,-0.781244,-0.040960,-1.213960,0.858186
3.1600,-0.012964,-1.295499,0.261115,-0.088570,-1.160166,1.807951
3.2000,-0.064297,-1.264291,1.295082,-0.133279,-1.069324,2.695134
3.2400,-0.113565,-1.192448,2.287423,-0.173663,-0.944555,3.490853
3.2800,-0.159182,-1.082278,3.206245,-0.208447,-0.790056,4.170470
3.3200,-0.199683,-0.937324,4.022016,-0.236539,-0.610917,4.714194
3.3600,-0.233765,-0.762243,4.708516,-0.257068,-0.412921,5.107219
3.4000,-0.260335,-0.562662,5.243680,-0.269405,-0.202340,5.339538
3.4400,-0.278537,-0.344998,5.610308,-0.273175,0.014243,5.405614
3.4800,-0.287787,-0.116245,5.796615,-0.268275,0.230109,5.304098
3.5200,-0.287787,0.116245,5.796615,-0.254865,0.438570,5.037721
3.5600,-0.278537,0.344998,5.610308,-0.233375,0.633127,4.613401
3.6000,-0.260335,0.562662,5.243680,-0.204483,0.807643,4.042506
3.6400,-0.233765,0.762243,4.708516,-0.169105,0.956527,3.341134
3.6800,-0.199683,0.937324,4.022016,-0.128367,1.074933,2.530225
3.7200,-0.159182,1.082278,3.206245,-0.083570,1.158945,1.635327
3.7600,-0.113565,1.192448,2.287423,-0.036148,1.205759,0.685890
3.8000,-0.064297,1.264291,1.295082,0.012374,1.213817,-0.285918
3.8400,-0.012964,1.295499,0.261115,0.060437,1.182886,-1.246774
3.8800,0.038787,1.285068,-0.781244,0.106499,1.114075,-2.163936
3.9200,0.089290,1.233334,-1.798493,0.149089,1.009771,-3.006897
3.9600,0.136924,1.141960,-2.757937,0.186854,0.873523,-3.748739
4.0000,0.180157,1.013883,-3.628739,0.218605,0.709872,-4.367020
4.0400,0.217600,0.853218,-4.382910,0.243350,0.524161,-4.844177
4.0800,0.248049,0.665130,-4.996211,0.260323,0.322338,-5.167526
4.1200,0.270525,0.455664,-5.448929,0.269006,0.110759,-5.329006
4.1600,0.284306,0.231553,-5.726515,0.269141,-0.103983,-5.324868
4.2000,0.288950,-0.000000,-5.820045,0.260734,-0.315230,-5.155470
4.2400,0.284306,-0.231553,-5.726515,0.244057,-0.516420,-4.825255
4.2800,0.270525,-0.455664,-5.448929,0.219639,-0.701251,-4.342927
4.3200,0.248049,-0.665130,-4.996211,0.188254,-0.863854,-3.721723
4.3600,0.217600,-0.853218,-4.382910,0.150897,-0.998988,-2.979633
4.4000,0.180157,-1.013883,-3.628739,0.108760,-1.102225,-2.139366
4.4400,0.136924,-1.141960,-2.757937,0.063191,-1.170138,-1.227928
4.4800,0.089290,-1.233334,-1.798493,0.015651,-1.200459,-0.275717
4.5200,0.038787,-1.285068,-0.781244,-0.032331,-1.192195,0.684811
4.5600,-0.012964,-1.295499,0.261115,-0.079214,-1.145674,1.620779
4.6000,-0.064297,-1.264291,1.295082,-0.123496,-1.062533,2.500582
4.6400,-0.113565,-1.192448,2.287423,-0.163766,-0.945628,3.295415
4.6800,-0.159182,-1.082278,3.206245,-0.198748,-0.798900,3.980415
4.7200,-0.199683,-0.937324,4.022016,-0.227344,-0.627195,4.535350
4.7600,-0.233765,-0.762243,4.708516,-0.248665,-0.436072,4.944837
4.8000,-0.260335,-0.562662,5.243680,-0.262052,-0.231608,5.198230
4.8400,-0.278537,-0.344998,5.610308,-0.267101,-0.020213,5.289340
4.8800,-0.287787,-0.116245,5.796615,-0.263664,0.191540,5.216165
4.9200,-0.287787,0.116245,5.796615,-0.251860,0.397080,4.980761
4.9600,-0.278537,0.344998,5.610308,-0.232066,0.590000,4.589307
5.0000,-0.260335,0.562662,5.243680,-0.204910,0.764225,4.052323
5.0400,-0.233765,0.762243,4.708516,-0.171252,0.914186,3.384923
5.0800,-0.199683,0.937324,4.022016,-0.132164,1.035018,2.606937
5.1200,-0.159182,1.082278,3.206245,-0.088893,1.122741,1.742714
5.1600,-0.113565,1.192448,2.287423,-0.042825,1.174436,0.820506
5.2000,-0.064297,1.264291,1.295082,0.004558,1.188382,-0.128615
5.2400,-0.012964,1.295499,0.261115,0.051735,1.164146,-1.072213
5.2800,0.038787,1.285068,-0.781244,0.097192,1.102605,-1.978147
5.3200,0.089290,1.233334,-1.798493,0.139474,1.005895,-2.816187
5.3600,0.136924,1.141960,-2.757937,0.177238,0.877310,-3.559376
5.4000,0.180157,1.013883,-3.628739,0.209291,0.721145,-4.184974
5.4400,0.217600,0.853218,-4.382910,0.234630,0.542512,-4.674939
5.4800,0.248049,0.665130,-4.996211,0.252469,0.347149,-5.016003
5.5200,0.270525,0.455664,-5.448929,0.262261,0.141232,-5.199481
5.5600,0.284306,0.231553,-5.726515,0.263712,-0.068809,-5.220994
5.6000,0.288950,-0.000000,-5.820045,0.256788,-0.276448,-5.080256
5.6400,0.284306,-0.231553,-5.726515,0.241715,-0.475230,-4.781030
5.6800,0.270525,-0.455664,-5.448929,0.218971,-0.658930,-4.331258
5.7200,0.248049,-0.665130,-4.996211,0.189279,-0.821730,-3.743297
5.7600,0.217600,-0.853218,-4.382910,0.153582,-0.958394,-3.034122
5.8000,0.180157,-1.013883,-3.628739,0.113016,-1.064460,-2.225316
5.8400,0.136924,-1.141960,-2.757937,0.068880,-1.136419,-1.342707
5.8800,0.089290,-1.233334,-1.798493,0.022590,-1.171876,-0.415552
5.9200,0.038787,-1.285068,-0.781244,-0.024367,-1.169664,0.524691
5.9600,-0.012964,-1.295499,0.261115,-0.070482,-1.129901,1.445909
6.0000,-0.064297,-1.264291,1.295082,-0.114277,-1.053991,2.316967
6.0400,-0.113565,-1.192448,2.287423,-0.154354,-0.944544,3.109209
6.0800,-0.159182,-1.082278,3.206245,-0.189442,-0.805254,3.797643
6.1200,-0.199683,-0.937324,4.022016,-0.218437,-0.640732,4.361676
6.1600,-0.233765,-0.762243,4.708516,-0.240435,-0.456320,4.785420
6.2000,-0.260335,-0.562662,5.243680,-0.254756,-0.257899,5.057649
6.2400,-0.278537,-0.344998,5.610308,-0.260963,-0.051708,5.171567
6.2800,-0.287787,-0.116245,5.796615,-0.258875,0.155826,5.124555
6.3200,-0.287787,0.116245,5.796615,-0.248565,0.358256,4.918033
6.3600,-0.278537,0.344998,5.610308,-0.230367,0.549269,4.557485
6.4000,-0.260335,0.562662,5.243680,-0.204856,0.722855,4.052640
6.4400,-0.233765,0.762243,4.708516,-0.172845,0.873480,3.417700
6.4800,-0.199683,0.937324,4.022016,-0.135350,0.996271,2.671455
6.5200,-0.159182,1.082278,3.206245,-0.093568,1.087197,1.837126
6.5600,-0.113565,1.192448,2.287423,-0.048839,1.143241,0.941820
6.6000,-0.064297,1.264291,1.295082,-0.002599,1.162542,0.015542
6.6400,-0.012964,1.295499,0.261115,0.043665,1.144484,-0.910167
6.6800,0.038787,1.285068,-0.781244,0.088469,1.089729,-1.803804
6.7200,0.089290,1.233334,-1.798493,0.130379,1.000180,-2.635479
6.7600,0.136924,1.141960,-2.757937,0.168060,0.878891,-3.378279
6.8000,0.180157,1.013883,-3.628739,0.200321,0.729918,-4.009249
6.8400,0.217600,0.853218,-4.382910,0.226149,0.558151,-4.509945
6.8800,0.248049,0.665130,-4.996211,0.244743,0.369122,-4.866577
6.9200,0.270525,0.455664,-5.448929,0.255529,0.168824,-5.069890
6.9600,0.284306,0.231553,-5.726515,0.258182,-0.036469,-5.114912
7.0000,0.288950,-0.000000,-5.820045,0.252630,-0.240368,-5.000753
7.0400,0.284306,-0.231553,-5.726515,0.239056,-0.436529,-4.730533
7.0800,0.270525,-0.455664,-5.448929,0.217893,-0.618811,-4.311481
7.1200,0.248049,-0.665130,-4.996211,0.189813,-0.781448,-3.755133
7.1600,0.217600,-0.853218,-4.382910,0.155709,-0.919222,-3.077519
7.2000,0.180157,-1.013883,-3.628739,0.116667,-1.027649,-2.299168
7.2400,0.136924,-1.141960,-2.757937,0.073936,-1.103155,-1.444790
7.2800,0.089290,-1.233334,-1.798493,0.028888,-1.143232,-0.542546
7.3200,0.038787,-1.285068,-0.781244,-0.017032,-1.146559,0.377094
7.3600,-0.012964,-1.295499,0.261115,-0.062346,-1.113065,1.282795
7.4000,-0.064297,-1.264291,1.295082,-0.105601,-1.043935,2.143938
7.4400,-0.113565,-1.192448,2.287423,-0.145417,-0.941550,2.932089
7.4800,-0.159182,-1.082278,3.206245,-0.180527,-0.809368,3.622200
7.5200,-0.199683,-0.937324,4.022016,-0.209827,-0.651774,4.193401
7.5600,-0.233765,-0.762243,4.708516,-0.232399,-0.473896,4.629366
7.6000,-0.260335,-0.562662,5.243680,-0.247544,-0.281424,4.918347
7.6400,-0.278537,-0.344998,5.610308,-0.254799,-0.080428,5.052984
7.6800,-0.287787,-0.116245,5.796615,-0.253948,0.122814,5.030082
7.7200,-0.287787,0.116245,5.796615,-0.245028,0.321978,4.850456
7.7600,-0.278537,0.344998,5.610308,-0.228327,0.510851,4.518939
7.8000,-0.260335,0.562662,5.243680,-0.204377,0.683493,4.044524
7.8400,-0.233765,0.762243,4.708516,-0.173938,0.834413,3.440558
7.8800,-0.199683,0.937324,4.022016,-0.137979,0.958738,2.724862
7.9200,-0.159182,1.082278,3.206245,-0.097648,1.052402,1.919595
7.9600,-0.113565,1.192448,2.287423,-0.054237,1.112306,1.050772
8.0000,-0.064297,1.264291,1.295082,-0.009141,1.136463,0.147360
8.0400,-0.012964,1.295499,0.261115,0.036192,1.124094,-0.759991
8.0800,0.038787,1.285068,-0.781244,0.080306,1.075664,-1.640444
8.1200,0.089290,1.233334,-1.798493,0.121787,0.992859,-2.464505
8.1600,0.136924,1.141960,-2.757937,0.159313,0.878504,-3.205371
8.2000,0.180157,1.013883,-3.628739,0.191697,0.736429,-3.839951
8.2400,0.217600,0.853218,-4.382910,0.217920,0.571308,-4.349469
8.2800,0.248049,0.665130,-4.996211,0.237165,0.388472,-4.719681
8.3200,0.270525,0.455664,-5.448929,0.248839,0.193733,-4.940808
8.3600,0.284306,0.231553,-5.726515,0.252587,-0.006793,-5.007327
8.4000,0.288950,-0.000000,-5.820045,0.248302,-0.206853,-4.917778
8.4400,0.284306,-0.231553,-5.726515,0.236128,-0.400215,-4.674676
8.4800,0.270525,-0.455664,-5.448929,0.216455,-0.580827,-4.284582
8.5200,0.248049,-0.665130,-4.996211,0.189908,-0.742982,-3.758266
8.5600,0.217600,-0.853218,-4.382910,0.157332,-0.881488,-3.110875
8.6000,0.180157,-1.013883,-3.628739,0.119764,-0.991852,-2.361948
8.6400,0.136924,-1.141960,-2.757937,0.078408,-1.070444,-1.535140
8.6800,0.089290,-1.233334,-1.798493,0.034588,-1.114663,-0.657557
8.7200,0.038787,-1.285068,-0.781244,-0.010287,-1.123049,0.241296
8.7600,-0.012964,-1.295499,0.261115,-0.054775,-1.095359,1.130877
8.8000,-0.064297,-1.264291,1.295082,-0.097447,-1.032579,1.981115
8.8400,-0.113565,-1.192448,2.287423,-0.136941,-0.936870,2.763858
8.8800,-0.159182,-1.082278,3.206245,-0.172001,-0.811470,3.454072
8.9200,-0.199683,-0.937324,4.022016,-0.201518,-0.660544,4.030681
8.9600,-0.233765,-0.762243,4.708516,-0.224569,-0.489016,4.476992
9.0000,-0.260335,-0.562662,5.243680,-0.240438,-0.302385,4.780786
9.0400,-0.278537,-0.344998,5.610308,-0.248637,-0.106553,4.934187
9.0800,-0.287787,-0.116245,5.796615,-0.248921,0.092350,4.933457
9.1200,-0.287787,0.116245,5.796615,-0.241291,0.288124,4.778846
9.1600,-0.278537,0.344998,5.610308,-0.225995,0.474658,4.474574
9.2000,-0.260335,0.562662,5.243680,-0.203520,0.646090,4.028941
9.2400,-0.233765,0.762243,4.708516,-0.174582,0.796973,3.454500
9.2800,-0.199683,0.937324,4.022016,-0.140101,0.922450,2.768163
9.3200,-0.159182,1.082278,3.206245,-0.101180,1.018426,1.991089
9.3600,-0.113565,1.192448,2.287423,-0.059063,1.081737,1.148254
9.4000,-0.064297,1.264291,1.295082,-0.015105,1.110286,0.267621
9.4400,-0.012964,1.295499,0.261115,0.029283,1.103147,-0.621044
9.4800,0.038787,1.285068,-0.781244,0.072675,1.060603,-1.487589
9.5200,0.089290,1.233334,-1.798493,0.113679,0.984139,-2.302957
9.5600,0.136924,1.141960,-2.757937,0.150988,0.876366,-3.040520
9.6000,0.180157,1.013883,-3.628739,0.183418,0.740898,-3.677118
9.6400,0.217600,0.853218,-4.382910,0.209950,0.582197,-4.193714
9.6800,0.248049,0.665130,-4.996211,0.229753,0.405401,-4.575666
9.7200,0.270525,0.455664,-5.448929,0.242215,0.216144,-4.812723
9.7600,0.284306,0.231553,-5.726515,0.246957,0.020383,-4.898850
9.8000,0.288950,-0.000000,-5.820045,0.243841,-0.175764,-4.832052
9.8400,0.284306,-0.231553,-5.726515,0.232973,-0.366181,-4.614276
9.8800,0.270525,-0.455664,-5.448929,0.214702,-0.544907,-4.251454
9.9200,0.248049,-0.665130,-4.996211,0.189612,-0.706298,-3.753640
9.9600,0.217600,-0.853218,-4.382910,0.158499,-0.845198,-3.135156
10.0000,0.180157,-1.013883,-3.628739,0.122356,-0.957110,-2.414614
10.0400,0.136924,-1.141960,-2.757937,0.082339,-1.038367,-1.614666
10.0800,0.089290,-1.233334,-1.798493,0.039732,-1.086283,-0.761410
10.1200,0.038787,-1.285068,-0.781244,-0.004097,-1.099280,0.116591
10.1600,-0.012964,-1.295499,0.261115,-0.047739,-1.076956,0.989590
10.2000,-0.064297,-1.264291,1.295082,-0.089793,-1.020112,1.828093
10.2400,-0.113565,-1.192448,2.287423,-0.128914,-0.930709,2.604277
10.2800,-0.159182,-1.082278,3.206245,-0.163856,-0.811770,3.293189
10.3200,-0.199683,-0.937324,4.022016,-0.193514,-0.667254,3.873609
10.3600,-0.233765,-0.762243,4.708516,-0.216958,-0.501882,4.328539
10.4000,-0.260335,-0.562662,5.243680,-0.233457,-0.320970,4.645348
10.4400,-0.278537,-0.344998,5.610308,-0.242504,-0.130254,4.815685
10.4800,-0.287787,-0.116245,5.796615,-0.243826,0.064284,4.835307
10.5200,-0.287787,0.116245,5.796615,-0.237392,0.256571,4.703931
10.5600,-0.278537,0.344998,5.610308,-0.223411,0.440599,4.425201
10.6000,-0.260335,0.562662,5.243680,-0.202331,0.610587,4.006769
10.6400,-0.233765,0.762243,4.708516,-0.174823,0.761140,3.460444
10.6800,-0.199683,0.937324,4.022016,-0.141764,0.887422,2.802285
10.7200,-0.159182,1.082278,3.206245,-0.104208,0.985323,2.052513
10.7600,-0.113565,1.192448,2.287423,-0.063360,1.051623,1.235114
10.8000,-0.064297,1.264291,1.295082,-0.020530,1.084132,0.377080
10.8400,-0.012964,1.295499,0.261115,0.022906,1.081790,-0.492691
10.8800,0.038787,1.285068,-0.781244,0.065550,1.044717,-1.344747
10.9200,0.089290,1.233334,-1.798493,0.106037,0.974210,-2.150501
10.9600,0.136924,1.141960,-2.757937,0.143073,0.872677,-2.883554
11.0000,0.180157,1.013883,-3.628739,0.175482,0.743526,-3.520739
11.0400,0.217600,0.853218,-4.382910,0.202243,0.591018,-4.042817
11.0800,0.248049,0.665130,-4.996211,0.222518,0.420100,-4.434812
11.1200,0.270525,0.455664,-5.448929,0.235678,0.236233,-4.686044
11.1600,0.284306,0.231553,-5.726515,0.241321,0.045217,-4.790009
11.2000,0.288950,-0.000000,-5.820045,0.239280,-0.146968,-4.744210
11.2400,0.284306,-0.231553,-5.726515,0.229628,-0.334320,-4.550060
11.2800,0.270525,-0.455664,-5.448929,0.212677,-0.510973,-4.212901
11.3200,0.248049,-0.665130,-4.996211,0.188968,-0.671352,-3.742114
11.3600,0.217600,-0.853218,-4.382910,0.159255,-0.810342,-3.151252
11.4000,0.180157,-1.013883,-3.628739,0.124486,-0.923452,-2.458051
11.4400,0.136924,-1.141960,-2.757937,0.085773,-1.006986,-1.684221
11.4800,0.089290,-1.233334,-1.798493,0.044358,-1.058190,-0.854891
11.5200,0.038787,-1.285068,-0.781244,0.001572,-1.075377,0.002293
11.5600,-0.012964,-1.295499,0.261115,-0.041210,-1.058006,0.858372
11.6000,-0.064297,-1.264291,1.295082,-0.082616,-1.006707,1.684453
11.6400,-0.113565,-1.192448,2.287423,-0.121318,-0.923250,2.453081
11.6800,-0.159182,-1.082278,3.206245,-0.156084,-0.810461,3.139437
11.7200,-0.199683,-0.937324,4.022016,-0.185813,-0.672095,3.722221
11.7600,-0.233765,-0.762243,4.708516,-0.209571,-0.512683,4.184189
11.8000,-0.260335,-0.562662,5.243680,-0.226616,-0.337360,4.512346
11.8400,-0.278537,-0.344998,5.610308,-0.236422,-0.151695,4.697913
11.8800,-0.287787,-0.116245,5.796615,-0.238691,0.038473,4.736176
11.9200,-0.287787,0.116245,5.796615,-0.233363,0.227199,4.626354
11.9600,-0.278537,0.344998,5.610308,-0.220613,0.408581,4.371547
12.0000,-0.260335,0.562662,5.243680,-0.200851,0.576922,3.978801
12.0400,-0.233765,0.762243,4.708516,-0.174705,0.726885,3.459227
12.0800,-0.199683,0.937324,4.022016,-0.143009,0.853661,2.828087
12.1200,-0.159182,1.082278,3.206245,-0.106776,0.953132,2.104713
12.1600,-0.113565,1.192448,2.287423,-0.067167,1.022038,1.312150
12.2000,-0.064297,1.264291,1.295082,-0.025452,1.058104,0.476459
12.2400,-0.012964,1.295499,0.261115,0.017028,1.060154,-0.374316
12.2800,0.038787,1.285068,-0.781244,0.058906,1.028159,-1.211426
12.3200,0.089290,1.233334,-1.798493,0.098841,0.963240,-2.006786
12.3600,0.136924,1.141960,-2.757937,0.135556,0.867616,-2.734268
12.4000,0.180157,1.013883,-3.628739,0.167883,0.744499,-3.370754
12.4400,0.217600,0.853218,-4.382910,0.194803,0.597956,-3.896864
12.4800,0.248049,0.665130,-4.996211,0.215471,0.432750,-4.297336
12.5200,0.270525,0.455664,-5.448929,0.229244,0.254169,-4.561113
12.5600,0.284306,0.231553,-5.726515,0.235701,0.067861,-4.681260
12.6000,0.288950,-0.000000,-5.820045,0.234648,-0.120332,-4.654811
12.6400,0.284306,-0.231553,-5.726515,0.226128,-0.304524,-4.482678
12.6800,0.270525,-0.455664,-5.448929,0.210417,-0.478946,-4.169647
12.7200,0.248049,-0.665130,-4.996211,0.188016,-0.638096,-3.724471
12.7600,0.217600,-0.853218,-4.382910,0.159640,-0.776904,-3.159977
12.8000,0.180157,-1.013883,-3.628739,0.126195,-0.890894,-2.493084
12.8400,0.136924,-1.141960,-2.757937,0.088750,-0.976350,-1.744604
12.8800,0.089290,-1.233334,-1.798493,0.048505,-1.030462,-0.938743
12.9200,0.038787,-1.285068,-0.781244,0.006755,-1.051450,-0.102259
12.9600,-0.012964,-1.295499,0.261115,-0.035160,-1.038643,0.736670
13.0000,-0.064297,-1.264291,1.295082,-0.075892,-0.992516,1.549767
13.0400,-0.113565,-1.192448,2.287423,-0.114137,-0.914662,2.309980
13.0800,-0.159182,-1.082278,3.206245,-0.148677,-0.807718,2.992669
13.1200,-0.199683,-0.937324,4.022016,-0.178414,-0.675248,3.576510
13.1600,-0.233765,-0.762243,4.708516,-0.202414,-0.521597,4.044067
13.2000,-0.260335,-0.562662,5.243680,-0.219925,-0.351723,4.382032
13.2400,-0.278537,-0.344998,5.610308,-0.230407,-0.171034,4.581237
13.2800,-0.287787,-0.116245,5.796615,-0.233540,0.014776,4.636538
13.3200,-0.287787,0.116245,5.796615,-0.229234,0.199889,4.546683
13.3600,-0.278537,0.344998,5.610308,-0.217635,0.378511,4.314265
13.4000,-0.260335,0.562662,5.243680,-0.199115,0.545030,3.945757
13.4400,-0.233765,0.762243,4.708516,-0.174265,0.694171,3.451617
13.4800,-0.199683,0.937324,4.022016,-0.143877,0.821159,2.846357
13.5200,-0.159182,1.082278,3.206245,-0.108923,0.921880,2.148472
13.5600,-0.113565,1.192448,2.287423,-0.070521,0.993037,1.380115
13.6000,-0.064297,1.264291,1.295082,-0.029906,1.032289,0.566449
13.6400,-0.012964,1.295499,0.261115,0.011619,1.038353,-0.265316
13.6800,0.038787,1.285068,-0.781244,0.052717,1.011064,-1.087136
13.7200,0.089290,1.233334,-1.798493,0.092072,0.951382,-1.871447
13.7600,0.136924,1.141960,-2.757937,0.128423,0.861348,-2.592431
13.8000,0.180157,1.013883,-3.628739,0.160615,0.743988,-3.227068
13.8400,0.217600,0.853218,-4.382910,0.187629,0.603182,-3.755890
13.8800,0.248049,0.665130,-4.996211,0.208618,0.443516,-4.163401
13.9200,0.270525,0.455664,-5.448929,0.222927,0.270110,-4.438212
13.9600,0.284306,0.231553,-5.726515,0.230116,0.088459,-4.572992
14.0000,0.288950,-0.000000,-5.820045,0.229970,-0.095729,-4.564344
14.0400,0.284306,-0.231553,-5.726515,0.222501,-0.276688,-4.412706
14.0800,0.270525,-0.455664,-5.448929,0.207954,-0.448745,-4.122344
14.1200,0.248049,-0.665130,-4.996211,0.186793,-0.606476,-3.701419
14.1600,0.217600,-0.853218,-4.382910,0.159694,-0.744859,-3.162079
14.2000,0.180157,-1.013883,-3.628739,0.127522,-0.859442,-2.520471
14.2400,0.136924,-1.141960,-2.757937,0.091306,-0.946497,-1.796560
14.2800,0.089290,-1.233334,-1.798493,0.052207,-1.003167,-1.013671
14.3200,0.038787,-1.285068,-0.781244,0.011483,-1.027590,-0.197701
14.3600,-0.012964,-1.295499,0.261115,-0.029559,-1.018983,0.623944
14.4000,-0.064297,-1.264291,1.295082,-0.069599,-0.977675,1.423608
14.4400,-0.113565,-1.192448,2.287423,-0.107355,-0.905094,2.174669
14.4800,-0.159182,-1.082278,3.206245,-0.141622,-0.803701,2.852709
14.5200,-0.199683,-0.937324,4.022016,-0.171312,-0.676878,3.436430
14.5600,-0.233765,-0.762243,4.708516,-0.195489,-0.528787,3.908252
14.6000,-0.260335,-0.562662,5.243680,-0.213395,-0.364217,4.254602
14.6400,-0.278537,-0.344998,5.610308,-0.224476,-0.188419,4.465967
14.6800,-0.287787,-0.116245,5.796615,-0.228393,-0.006940,4.536802
14.7200,-0.287787,0.116245,5.796615,-0.225032,0.174525,4.465421
14.7600,-0.278537,0.344998,5.610308,-0.214507,0.350294,4.253936
14.8000,-0.260335,0.562662,5.243680,-0.197158,0.514840,3.908285
14.8400,-0.233765,0.762243,4.708516,-0.173539,0.662956,3.438311
14.8800,-0.199683,0.937324,4.022016,-0.144404,0.789905,2.857821
14.9200,-0.159182,1.082278,3.206245,-0.110684,0.891582,2.184521
14.9600,-0.113565,1.192448,2.287423,-0.073459,0.964667,1.439715
15.0000,-0.064297,1.264291,1.295082,-0.033924,1.006759,0.647705
15.0400,-0.012964,1.295499,0.261115,0.006650,1.016483,-0.165113
15.0800,0.038787,1.285068,-0.781244,0.046959,0.993550,-0.971394
15.1200,0.089290,1.233334,-1.798493,0.085709,0.938772,-1.744114
15.1600,0.136924,1.141960,-2.757937,0.121660,0.854021,-2.457795
15.2000,0.180157,1.013883,-3.628739,0.153668,0.742148,-3.089559
15.2400,0.217600,0.853218,-4.382910,0.180720,0.606856,-3.619896
15.2800,0.248049,0.665130,-4.996211,0.201963,0.452556,-4.033126
15.3200,0.270525,0.455664,-5.448929,0.216737,0.284206,-4.317569
15.3600,0.284306,0.231553,-5.726515,0.224584,0.107151,-4.465539
15.4000,0.288950,-0.000000,-5.820045,0.225267,-0.073037,-4.473235
15.4400,0.284306,-0.231553,-5.726515,0.218774,-0.250708,-4.340656
15.4800,0.270525,-0.455664,-5.448929,0.205318,-0.420289,-4.071576
15.5200,0.248049,-0.665130,-4.996211,0.185330,-0.576434,-3.673602
15.5600,0.217600,-0.853218,-4.382910,0.159449,-0.714177,-3.158242
15.6000,0.180157,-1.013883,-3.628739,0.128501,-0.829093,-2.540915
15.6400,0.136924,-1.141960,-2.757937,0.093476,-0.917451,-1.840787
15.6800,0.089290,-1.233334,-1.798493,0.055498,-0.976356,-1.080338
15.7200,0.038787,-1.285068,-0.781244,0.015786,-1.003878,-0.284637
15.7600,-0.012964,-1.295499,0.261115,-0.024382,-0.999127,0.519668
15.8000,-0.064297,-1.264291,1.295082,-0.063716,-0.962304,1.305548
15.8400,-0.113565,-1.192448,2.287423,-0.100955,-0.894684,2.046832
15.8800,-0.159182,-1.082278,3.206245,-0.134910,-0.798558,2.719361
15.9200,-0.199683,-0.937324,4.022016,-0.164502,-0.677135,3.301904
15.9600,-0.233765,-0.762243,4.708516,-0.188796,-0.534405,3.776784
16.0000,-0.260335,-0.562662,5.243680,-0.207032,-0.374992,4.130210
16.0400,-0.278537,-0.344998,5.610308,-0.218641,-0.203989,4.352358
16.0800,-0.287787,-0.116245,5.796615,-0.223268,-0.026803,4.437322
16.1200,-0.287787,0.116245,5.796615,-0.220777,0.150997,4.383008
16.1600,-0.278537,0.344998,5.610308,-0.211255,0.323837,4.191080
16.2000,-0.260335,0.562662,5.243680,-0.195009,0.486284,3.866971
16.2400,-0.233765,0.762243,4.708516,-0.172559,0.633195,3.419944
16.2800,-0.199683,0.937324,4.022016,-0.144623,0.759879,2.863145
16.3200,-0.159182,1.082278,3.206245,-0.112093,0.862247,2.213535
16.3600,-0.113565,1.192448,2.287423,-0.076012,0.936962,1.491610
16.4000,-0.064297,1.264291,1.295082,-0.037538,0.981575,0.720847
16.4400,-0.012964,1.295499,0.261115,0.002092,0.994630,-0.073149
16.4800,0.038787,1.285068,-0.781244,0.041605,0.975723,-0.863729
16.5200,0.089290,1.233334,-1.798493,0.079733,0.925531,-1.624414
16.5600,0.136924,1.141960,-2.757937,0.115253,0.845770,-2.330097
16.6000,0.180157,1.013883,-3.628739,0.147035,0.739124,-2.958076
16.6400,0.217600,0.853218,-4.382910,0.174072,0.609124,-3.488847
16.6800,0.248049,0.665130,-4.996211,0.195510,0.460016,-3.906586
16.7200,0.270525,0.455664,-5.448929,0.210682,0.296597,-4.199368
16.7600,0.284306,0.231553,-5.726515,0.219116,0.124066,-4.359181
16.8000,0.288950,-0.000000,-5.820045,0.220558,-0.052137,-4.381857
16.8400,0.284306,-0.231553,-5.726515,0.214970,-0.226482,-4.266981
16.8800,0.270525,-0.455664,-5.448929,0.202537,-0.393496,-4.017869
16.9200,0.248049,-0.665130,-4.996211,0.183659,-0.547912,-3.641603
16.9600,0.217600,-0.853218,-4.382910,0.158938,-0.684824,-3.149090
17.0000,0.180157,-1.013883,-3.628739,0.129165,-0.799839,-2.555064
17.0400,0.136924,-1.141960,-2.757937,0.095293,-0.889229,-1.877931
17.0800,0.089290,-1.233334,-1.798493,0.058408,-0.950073,-1.139369
17.1200,0.038787,-1.285068,-0.781244,0.019695,-0.980379,-0.363645
17.1600,-0.012964,-1.295499,0.261115,-0.019602,-0.979165,0.423335
17.2000,-0.064297,-1.264291,1.295082,-0.058219,-0.946512,1.195166
17.2400,-0.113565,-1.192448,2.287423,-0.094918,-0.883552,1.926149
17.2800,-0.159182,-1.082278,3.206245,-0.128527,-0.792420,2.592411
17.3200,-0.199683,-0.937324,4.022016,-0.157976,-0.676159,3.172828
17.3600,-0.233765,-0.762243,4.708516,-0.182335,-0.538594,3.649670
17.4000,-0.260335,-0.562662,5.243680,-0.200839,-0.384185,4.008965
17.4400,-0.278537,-0.344998,5.610308,-0.212911,-0.217876,4.240622
17.4800,-0.287787,-0.116245,5.796615,-0.218181,-0.044935,4.338401
17.5200,-0.287787,0.116245,5.796615,-0.216490,0.129196,4.299833
17.5600,-0.278537,0.344998,5.610308,-0.207902,0.299051,4.126160
17.6000,-0.260335,0.562662,5.243680,-0.192695,0.459288,3.822340
17.6400,-0.233765,0.762243,4.708516,-0.171355,0.604838,3.397094
17.6800,-0.199683,0.937324,4.022016,-0.144565,0.731056,2.862942
17.7200,-0.159182,1.082278,3.206245,-0.113183,0.833874,2.236140
17.7600,-0.113565,1.192448,2.287423,-0.078213,0.909947,1.536418
17.8000,-0.064297,1.264291,1.295082,-0.040777,0.956787,0.786460
17.8400,-0.012964,1.295499,0.261115,-0.002080,0.972864,0.011106
17.8800,0.038787,1.285068,-0.781244,0.036635,0.957676,-0.763680
17.9200,0.089290,1.233334,-1.798493,0.074124,0.911770,-1.511977
17.9600,0.136924,1.141960,-2.757937,0.109187,0.836717,-2.209064
18.0000,0.180157,1.013883,-3.628739,0.140706,0.735044,-2.832454
18.0400,0.217600,0.853218,-4.382910,0.167680,0.610121,-3.362683
18.0800,0.248049,0.665130,-4.996211,0.189260,0.466030,-3.783827
18.1200,0.270525,0.455664,-5.448929,0.204769,0.307415,-4.083749
18.1600,0.284306,0.231553,-5.726515,0.213727,0.139330,-4.254154
18.2000,0.288950,-0.000000,-5.820045,0.215860,-0.032917,-4.290532
18.2400,0.284306,-0.231553,-5.726515,0.211110,-0.203913,-4.192083
18.2800,0.270525,-0.455664,-5.448929,0.199635,-0.368284,-3.961692
18.3200,0.248049,-0.665130,-4.996211,0.181805,-0.520848,-3.605949
18.3600,0.217600,-0.853218,-4.382910,0.158189,-0.656760,-3.135193
18.4000,0.180157,-1.013883,-3.628739,0.129544,-0.771664,-2.563513
18.4400,0.136924,-1.141960,-2.757937,0.096786,-0.861841,-1.908594
18.4800,0.089290,-1.233334,-1.798493,0.060966,-0.924351,-1.191348
18.5200,0.038787,-1.285068,-0.781244,0.023235,-0.957149,-0.435271
18.5600,-0.012964,-1.295499,0.261115,-0.015195,-0.959173,0.334456
18.6000,-0.064297,-1.264291,1.295082,-0.053088,-0.930392,1.092052
18.6400,-0.113565,-1.192448,2.287423,-0.089228,-0.871809,1.812299
18.6800,-0.159182,-1.082278,3.206245,-0.122461,-0.785408,2.471636
18.7200,-0.199683,-0.937324,4.022016,-0.151728,-0.674078,3.049079
18.7600,-0.233765,-0.762243,4.708516,-0.176104,-0.541482,3.526887
18.8000,-0.260335,-0.562662,5.243680,-0.194820,-0.391927,3.890946
18.8400,-0.278537,-0.344998,5.610308,-0.207295,-0.230206,4.130929
18.8800,-0.287787,-0.116245,5.796615,-0.213143,-0.061452,4.240298
18.9200,-0.287787,0.116245,5.796615,-0.212189,0.109017,4.216234
18.9600,-0.278537,0.344998,5.610308,-0.204470,0.275846,4.059587
19.0000,-0.260335,0.562662,5.243680,-0.190240,0.433784,3.774868
19.0400,-0.233765,0.762243,4.708516,-0.169953,0.577836,3.370286
19.0800,-0.199683,0.937324,4.022016,-0.144259,0.703407,2.857771
19.1200,-0.159182,1.082278,3.206245,-0.113981,0.806457,2.252913
19.1600,-0.113565,1.192448,2.287423,-0.080088,0.883640,1.574713
19.2000,-0.064297,1.264291,1.295082,-0.043669,0.932434,0.845097
19.2400,-0.012964,1.295499,0.261115,-0.005893,0.951248,0.088161
19.2800,0.038787,1.285068,-0.781244,0.032023,0.939487,-0.670805
19.3200,0.089290,1.233334,-1.798493,0.068863,0.897584,-1.406437
19.3600,0.136924,1.141960,-2.757937,0.103447,0.826972,-2.094423
19.4000,0.180157,1.013883,-3.628739,0.134670,0.730030,-2.712512
19.4400,0.217600,0.853218,-4.382910,0.161540,0.609971,-3.241321
19.4800,0.248049,0.665130,-4.996211,0.183211,0.470724,-3.664861
19.5200,0.270525,0.455664,-5.448929,0.199002,0.316783,-3.970822
19.5600,0.284306,0.231553,-5.726515,0.208423,0.153058,-4.150655
19.6000,0.288950,-0.000000,-5.820045,0.211185,-0.015270,-4.199537
19.6400,0.284306,-0.231553,-5.726515,0.207211,-0.182905,-4.116315
19.6800,0.270525,-0.455664,-5.448929,0.196633,-0.344575,-3.903466
19.7200,0.248049,-0.665130,-4.996211,0.179793,-0.495182,-3.567116
19.7600,0.217600,-0.853218,-4.382910,0.157230,-0.629944,-3.117072
19.8000,0.180157,-1.013883,-3.628739,0.129666,-0.744548,-2.566810
19.8400,0.136924,-1.141960,-2.757937,0.097984,-0.835289,-1.933334
19.8800,0.089290,-1.233334,-1.798493,0.063201,-0.899214,-1.236824
19.9200,0.038787,-1.285068,-0.781244,0.026433,-0.934235,-0.500032
19.9600,-0.012964,-1.295499,0.261115,-0.011137,-0.939217,0.252565
20.0000,-0.064297,-1.264291,1.295082,-0.048302,-0.914030,0.995805
20.0400,-0.113565,-1.192448,2.287423,-0.083868,-0.859553,1.704960
20.0800,-0.159182,-1.082278,3.206245,-0.116700,-0.777633,2.356802
20.1200,-0.199683,-0.937324,4.022016,-0.145749,-0.671008,2.930520
20.1600,-0.233765,-0.762243,4.708516,-0.170097,-0.543191,3.408391
20.2000,-0.260335,-0.562662,5.243680,-0.188977,-0.398337,3.776199
20.2400,-0.278537,-0.344998,5.610308,-0.201799,-0.241096,4.023414
20.2800,-0.287787,-0.116245,5.796615,-0.208166,-0.076464,4.143230
20.3200,-0.287787,0.116245,5.796615,-0.207887,0.090363,4.132507
20.3600,-0.278537,0.344998,5.610308,-0.200978,0.254137,3.991728
20.4000,-0.260335,0.562662,5.243680,-0.187665,0.409701,3.724982
20.4400,-0.233765,0.762243,4.708516,-0.168377,0.552135,3.339997
20.4800,-0.199683,0.937324,4.022016,-0.143730,0.676901,2.848146
20.5200,-0.159182,1.082278,3.206245,-0.114514,0.779987,2.264388
20.5600,-0.113565,1.192448,2.287423,-0.081666,0.858052,1.607032
20.6000,-0.064297,1.264291,1.295082,-0.046238,0.908549,0.897275
20.6400,-0.012964,1.295499,0.261115,-0.009372,0.929834,0.158497
20.6800,0.038787,1.285068,-0.781244,0.027749,0.921229,-0.584676
20.7200,0.089290,1.233334,-1.798493,0.063932,0.883060,-1.307437
20.7600,0.136924,1.141960,-2.757937,0.098017,0.816634,-1.985894
20.8000,0.180157,1.013883,-3.628739,0.128916,0.724188,-2.598061
20.8400,0.217600,0.853218,-4.382910,0.155646,0.608789,-3.124661
20.8800,0.248049,0.665130,-4.996211,0.177363,0.474215,-3.549678
20.9200,0.270525,0.455664,-5.448929,0.193385,0.324815,-3.860663
20.9600,0.284306,0.231553,-5.726515,0.203214,0.165362,-4.048843
21.0000,0.288950,-0.000000,-5.820045,0.206547,0.000908,-4.109113
21.0400,0.284306,-0.231553,-5.726515,0.203289,-0.163367,-4.039988
21.0800,0.270525,-0.455664,-5.448929,0.193549,-0.322291,-3.843566
21.1200,0.248049,-0.665130,-4.996211,0.177644,-0.470852,-3.525535
21.1600,0.217600,-0.853218,-4.382910,0.156083,-0.604334,-3.095200
21.2000,0.180157,-1.013883,-3.628739,0.129555,-0.718468,-2.565459
21.2400,0.136924,-1.141960,-2.757937,0.098912,-0.809571,-1.952667
21.2800,0.089290,-1.233334,-1.798493,0.065137,-0.874681,-1.276306
21.3200,0.038787,-1.285068,-0.781244,0.029313,-0.911675,-0.558416
21.3600,-0.012964,-1.295499,0.261115,-0.007406,-0.919355,0.177216
21.4000,-0.064297,-1.264291,1.295082,-0.043841,-0.897498,0.906038
21.4400,-0.113565,-1.192448,2.287423,-0.078822,-0.846872,1.603815
21.4800,-0.159182,-1.082278,3.206245,-0.111229,-0.769193,2.247673
21.5200,-0.199683,-0.937324,4.022016,-0.140031,-0.667058,2.816997
21.5600,-0.233765,-0.762243,4.708516,-0.164313,-0.543833,3.294118
21.6000,-0.260335,-0.562662,5.243680,-0.183310,-0.403528,3.664745
21.6400,-0.278537,-0.344998,5.610308,-0.196427,-0.250653,3.918183
21.6800,-0.287787,-0.116245,5.796615,-0.203259,-0.090074,4.047383
21.7200,-0.287787,0.116245,5.796615,-0.203598,0.073137,4.048910
21.7600,-0.278537,0.344998,5.610308,-0.197441,0.233839,3.922905
21.8000,-0.260335,0.562662,5.243680,-0.184992,0.386970,3.673064
21.8400,-0.233765,0.762243,4.708516,-0.166650,0.527684,3.306658
21.8800,-0.199683,0.937324,4.022016,-0.143003,0.651502,2.834535
21.9200,-0.159182,1.082278,3.206245,-0.114808,0.754447,2.271057
21.9600,-0.113565,1.192448,2.287423,-0.082970,0.833187,1.633871
22.0000,-0.064297,1.264291,1.295082,-0.048510,0.885157,0.943481
22.0400,-0.012964,1.295499,0.261115,-0.012537,0.908665,0.222569
22.0800,0.038787,1.285068,-0.781244,0.023793,0.902962,-0.504884
22.1200,0.089290,1.233334,-1.798493,0.059313,0.868274,-1.214628
22.1600,0.136924,1.141960,-2.757937,0.092884,0.805792,-1.883201
22.2000,0.180157,1.013883,-3.628739,0.123433,0.717618,-2.488901
22.2400,0.217600,0.853218,-4.382910,0.149989,0.606680,-3.012588
22.2800,0.248049,0.665130,-4.996211,0.171712,0.476611,-3.438249
22.3200,0.270525,0.455664,-5.448929,0.187919,0.331620,-3.753324
22.3600,0.284306,0.231553,-5.726515,0.198105,0.176345,-3.948849
22.4000,0.288950,-0.000000,-5.820045,0.201955,0.015712,-4.019463
22.4400,0.284306,-0.231553,-5.726515,0.199358,-0.145212,-3.963375
22.4800,0.270525,-0.455664,-5.448929,0.190402,-0.301358,-3.782326
22.5200,0.248049,-0.665130,-4.996211,0.175379,-0.447798,-3.481595
22.5600,0.217600,-0.853218,-4.382910,0.154770,-0.579885,-3.070009
22.6000,0.180157,-1.013883,-3.628739,0.129236,-0.693398,-2.559921
22.6400,0.136924,-1.141960,-2.757937,0.099595,-0.784679,-1.967070
22.6800,0.089290,-1.233334,-1.798493,0.066798,-0.850764,-1.310273
22.7200,0.038787,-1.285068,-0.781244,0.031899,-0.889501,-0.610880
22.7600,-0.012964,-1.295499,0.261115,-0.003980,-0.899634,0.107985
22.8000,-0.064297,-1.264291,1.295082,-0.039686,-0.880862,0.822376
22.8400,-0.113565,-1.192448,2.287423,-0.074072,-0.833844,1.508555
22.8800,-0.159182,-1.082278,3.206245,-0.106038,-0.760178,2.144012
22.9200,-0.199683,-0.937324,4.022016,-0.134564,-0.662323,2.708352
22.9600,-0.233765,-0.762243,4.708516,-0.158744,-0.543509,3.183987
23.0000,-0.260335,-0.562662,5.243680,-0.177816,-0.407604,3.556586
23.0400,-0.278537,-0.344998,5.610308,-0.191183,-0.258982,3.815313
23.0800,-0.287787,-0.116245,5.796615,-0.198428,-0.102379,3.952907
23.1200,-0.287787,0.116245,5.796615,-0.199333,0.057250,3.965665
23.1600,-0.278537,0.344998,5.610308,-0.193875,0.214874,3.853406
23.2000,-0.260335,0.562662,5.243680,-0.182236,0.365523,3.619458
23.2400,-0.233765,0.762243,4.708516,-0.164790,0.504430,3.270661
23.2800,-0.199683,0.937324,4.022016,-0.142097,0.627175,2.817368
23.3200,-0.159182,1.082278,3.206245,-0.114884,0.729820,2.273372
23.3600,-0.113565,1.192448,2.287423,-0.084024,0.809045,1.655693
23.4000,-0.064297,1.264291,1.295082,-0.050508,0.862275,0.984168
23.4400,-0.012964,1.295499,0.261115,-0.015412,0.887779,0.280809
23.4800,0.038787,1.285068,-0.781244,0.020134,0.884740,-0.431037
23.5200,0.089290,1.233334,-1.798493,0.054988,0.853296,-1.127672
23.5600,0.136924,1.141960,-2.757937,0.088032,0.794526,-1.786070
23.6000,0.180157,1.013883,-3.628739,0.118212,0.710410,-2.384832
23.6400,0.217600,0.853218,-4.382910,0.144564,0.603740,-2.904978
23.6800,0.248049,0.665130,-4.996211,0.166256,0.478012,-3.330524
23.7200,0.270525,0.455664,-5.448929,0.182605,0.337298,-3.648833
23.7600,0.284306,0.231553,-5.726515,0.193100,0.186105,-3.850775
23.8000,0.288950,-0.000000,-5.820045,0.197418,0.029236,-3.930761
23.8400,0.284306,-0.231553,-5.726515,0.195430,-0.128356,-3.886714
23.8800,0.270525,-0.455664,-5.448929,0.187206,-0.281701,-3.720045
23.9200,0.248049,-0.665130,-4.996211,0.173015,-0.425959,-3.435645
23.9600,0.217600,-0.853218,-4.382910,0.153312,-0.556553,-3.041892
24.0000,0.180157,-1.013883,-3.628739,0.128729,-0.669311,-2.550620
24.0400,0.136924,-1.141960,-2.757937,0.100053,-0.760603,-1.976986
24.0800,0.089290,-1.233334,-1.798493,0.068206,-0.827470,-1.339168
24.1200,0.038787,-1.285068,-0.781244,0.034211,-0.867736,-0.657857
24.1600,-0.012964,-1.295499,0.261115,-0.000840,-0.880098,0.044471
24.2000,-0.064297,-1.264291,1.295082,-0.035820,-0.864178,0.744462
24.2400,-0.113565,-1.192448,2.287423,-0.069604,-0.820541,1.418877
24.2800,-0.159182,-1.082278,3.206245,-0.101113,-0.750668,2.045580
24.3200,-0.199683,-0.937324,4.022016,-0.129339,-0.656895,2.604418
24.3600,-0.233765,-0.762243,4.708516,-0.153386,-0.542315,3.077907
24.4000,-0.260335,-0.562662,5.243680,-0.172496,-0.410662,3.451703
24.4400,-0.278537,-0.344998,5.610308,-0.186068,-0.266179,3.714860
24.4800,-0.287787,-0.116245,5.796615,-0.193681,-0.113473,3.859930
24.5200,-0.287787,0.116245,5.796615,-0.195101,0.042616,3.882963
24.5600,-0.278537,0.344998,5.610308,-0.190292,0.197164,3.783483
24.6000,-0.260335,0.562662,5.243680,-0.179413,0.345295,3.564471
24.6400,-0.233765,0.762243,4.708516,-0.162817,0.482321,3.232361
24.6800,-0.199683,0.937324,4.022016,-0.141034,0.603883,2.797035
24.7200,-0.159182,1.082278,3.206245,-0.114764,0.706084,2.271750
24.7600,-0.113565,1.192448,2.287423,-0.084850,0.785623,1.672927
24.8000,-0.064297,1.264291,1.295082,-0.052251,0.839918,1.019762
24.8400,-0.012964,1.295499,0.261115,-0.018017,0.867204,0.333623
24.8800,0.038787,1.285068,-0.781244,0.016753,0.866608,-0.362763
24.9200,0.089290,1.233334,-1.798493,0.050940,0.838183,-1.046244
24.9600,0.136924,1.141960,-2.757937,0.083449,0.782909,-1.694234
25.0000,0.180157,1.013883,-3.628739,0.113239,0.702645,-2.285651
25.0400,0.217600,0.853218,-4.382910,0.139363,0.600056,-2.801697
25.0800,0.248049,0.665130,-4.996211,0.160991,0.478509,-3.226443
25.1200,0.270525,0.455664,-5.448929,0.177443,0.341941,-3.547201
25.1600,0.284306,0.231553,-5.726515,0.188204,0.194733,-3.754702
25.2000,0.288950,-0.000000,-5.820045,0.192942,0.041565,-3.843152
25.2400,0.284306,-0.231553,-5.726515,0.191514,-0.112719,-3.810214
25.2800,0.270525,-0.455664,-5.448929,0.183974,-0.263252,-3.656987
25.3200,0.248049,-0.665130,-4.996211,0.170568,-0.405278,-3.388000
25.3600,0.217600,-0.853218,-4.382910,0.151726,-0.534292,-3.011205
25.4000,0.180157,-1.013883,-3.628739,0.128053,-0.646175,-2.537946
25.4400,0.136924,-1.141960,-2.757937,0.100309,-0.737328,-1.982822
25.4800,0.089290,-1.233334,-1.798493,0.069383,-0.804801,-1.363405
25.5200,0.038787,-1.285068,-0.781244,0.036270,-0.846400,-0.699751
25.5600,-0.012964,-1.295499,0.261115,0.002034,-0.860781,-0.013707
25.6000,-0.064297,-1.264291,1.295082,-0.032223,-0.847497,0.671953
25.6400,-0.113565,-1.192448,2.287423,-0.065403,-0.807024,1.334486
25.6800,-0.159182,-1.082278,3.206245,-0.096441,-0.740738,1.952142
25.7200,-0.199683,-0.937324,4.022016,-0.124347,-0.650853,2.505023
25.7600,-0.233765,-0.762243,4.708516,-0.148234,-0.540336,2.975775
25.8000,-0.260335,-0.562662,5.243680,-0.167346,-0.412791,3.350064
25.8400,-0.278537,-0.344998,5.610308,-0.181085,-0.272331,3.616860
25.8800,-0.287787,-0.116245,5.796615,-0.189020,-0.123442,3.768552
25.9200,-0.287787,0.116245,5.796615,-0.190910,0.029153,3.800969
25.9600,-0.278537,0.344998,5.610308,-0.186703,0.180635,3.713360
26.0000,-0.260335,0.562662,5.243680,-0.176538,0.326222,3.508378
26.0400,-0.233765,0.762243,4.708516,-0.160745,0.461305,3.192078
26.0800,-0.199683,0.937324,4.022016,-0.139831,0.581588,2.773895
26.1200,-0.159182,1.082278,3.206245,-0.114467,0.683217,2.266574
26.1600,-0.113565,1.192448,2.287423,-0.085467,0.762914,1.685968
26.2000,-0.064297,1.264291,1.295082,-0.053761,0.818095,1.050661
26.2400,-0.012964,1.295499,0.261115,-0.020370,0.846967,0.381393
26.2800,0.038787,1.285068,-0.781244,0.013632,0.848606,-0.299708
26.3200,0.089290,1.233334,-1.798493,0.047154,0.822990,-0.970029
26.3600,0.136924,1.141960,-2.757937,0.079120,0.771004,-1.607430
26.4000,0.180157,1.013883,-3.628739,0.108506,0.694396,-2.191155
26.4400,0.217600,0.853218,-4.382910,0.134377,0.595711,-2.702605
26.4800,0.248049,0.665130,-4.996211,0.155911,0.478188,-3.125932
26.5200,0.270525,0.455664,-5.448929,0.172431,0.345637,-3.448421
26.5600,0.284306,0.231553,-5.726515,0.183419,0.202314,-3.660689
26.6000,0.288950,-0.000000,-5.820045,0.188533,0.052782,-3.756759
26.6400,0.284306,-0.231553,-5.726515,0.187621,-0.098227,-3.734055
26.6800,0.270525,-0.455664,-5.448929,0.180719,-0.245943,-3.593388
26.7200,0.248049,-0.665130,-4.996211,0.168052,-0.385698,-3.338944
26.7600,0.217600,-0.853218,-4.382910,0.150029,-0.513058,-2.978273
26.8000,0.180157,-1.013883,-3.628739,0.127227,-0.623960,-2.522253
26.8400,0.136924,-1.141960,-2.757937,0.100379,-0.714839,-1.984954
26.8800,0.089290,-1.233334,-1.798493,0.070347,-0.782756,-1.383368
26.9200,0.038787,-1.285068,-0.781244,0.038095,-0.825508,-0.736940
26.9600,-0.012964,-1.295499,0.261115,0.004660,-0.841711,-0.066909
27.0000,-0.064297,-1.264291,1.295082,-0.028881,-0.830861,0.604521
27.0400,-0.113565,-1.192448,2.287423,-0.061453,-0.793350,1.255099
27.0800,-0.159182,-1.082278,3.206245,-0.092010,-0.730453,1.863467
27.1200,-0.199683,-0.937324,4.022016,-0.119578,-0.644272,2.409996
27.1600,-0.233765,-0.762243,4.708516,-0.143279,-0.537653,2.877481
27.2000,-0.260335,-0.562662,5.243680,-0.162364,-0.414074,3.251623
27.2400,-0.278537,-0.344998,5.610308,-0.176232,-0.277523,3.521331
27.2800,-0.287787,-0.116245,5.796615,-0.184451,-0.132367,3.678855
27.3200,-0.287787,0.116245,5.796615,-0.186768,0.016785,3.719823
27.3600,-0.278537,0.344998,5.610308,-0.183118,0.165218,3.643230
27.4000,-0.260335,0.562662,5.243680,-0.173623,0.308244,3.451425
27.4400,-0.233765,0.762243,4.708516,-0.158591,0.441332,3.150101
27.4800,-0.199683,0.937324,4.022016,-0.138505,0.560252,2.748272
27.5200,-0.159182,1.082278,3.206245,-0.114011,0.661194,2.258197
27.5600,-0.113565,1.192448,2.287423,-0.085893,0.740907,1.695185
27.6000,-0.064297,1.264291,1.295082,-0.055056,0.796809,1.077233
27.6400,-0.012964,1.295499,0.261115,-0.022491,0.827086,0.424478
27.6800,0.038787,1.285068,-0.781244,0.010756,0.830767,-0.241536
27.7200,0.089290,1.233334,-1.798493,0.043615,0.807763,-0.898728
27.7600,0.136924,1.141960,-2.757937,0.075031,0.758869,-1.525404
27.8000,0.180157,1.013883,-3.628739,0.104001,0.685731,-2.101141
27.8400,0.217600,0.853218,-4.382910,0.129599,0.590778,-2.607559
27.8800,0.248049,0.665130,-4.996211,0.151013,0.477126,-3.028910
27.9200,0.270525,0.455664,-5.448929,0.167568,0.348465,-3.352474
27.9600,0.284306,0.231553,-5.726515,0.178745,0.208928,-3.568778
28.0000,0.288950,-0.000000,-5.820045,0.184197,0.062963,-3.671682
28.0400,0.284306,-0.231553,-5.726515,0.183758,-0.084806,-3.658394
28.0800,0.270525,-0.455664,-5.448929,0.177451,-0.229709,-3.529456
28.1200,0.248049,-0.665130,-4.996211,0.165481,-0.367163,-3.288731
28.1600,0.217600,-0.853218,-4.382910,0.148235,-0.492807,-2.943389
28.2000,0.180157,-1.013883,-3.628739,0.126267,-0.602634,-2.503866
28.2400,0.136924,-1.141960,-2.757937,0.100283,-0.693117,-1.983730
28.2800,0.089290,-1.233334,-1.798493,0.071115,-0.761332,-1.399415
28.3200,0.038787,-1.285068,-0.781244,0.039703,-0.805070,-0.769779
28.3600,-0.012964,-1.295499,0.261115,0.007055,-0.822915,-0.115473
28.4000,-0.064297,-1.264291,1.295082,-0.025777,-0.814308,0.541854
28.4400,-0.113565,-1.192448,2.287423,-0.057740,-0.779566,1.180443
28.4800,-0.159182,-1.082278,3.206245,-0.087809,-0.719872,1.779328
28.5200,-0.199683,-0.937324,4.022016,-0.115024,-0.637220,2.319164
28.5600,-0.233765,-0.762243,4.708516,-0.138517,-0.534339,2.782910
28.6000,-0.260335,-0.562662,5.243680,-0.157546,-0.414587,3.156325
28.6400,-0.278537,-0.344998,5.610308,-0.171511,-0.281833,3.428278
28.6800,-0.287787,-0.116245,5.796615,-0.179975,-0.140325,3.590902
28.7200,-0.287787,0.116245,5.796615,-0.182680,0.005439,3.639644
28.7600,-0.278537,0.344998,5.610308,-0.179545,0.150846,3.573266
28.8000,-0.260335,0.562662,5.243680,-0.170678,0.291300,3.393832
28.8400,-0.233765,0.762243,4.708516,-0.156367,0.422353,3.106693
28.8800,-0.199683,0.937324,4.022016,-0.137071,0.539836,2.720464
28.9200,-0.159182,1.082278,3.206245,-0.113411,0.639990,2.246942
28.9600,-0.113565,1.192448,2.287423,-0.086146,0.719591,1.700917
29.0000,-0.064297,1.264291,1.295082,-0.056152,0.776063,1.099823
29.0400,-0.012964,1.295499,0.261115,-0.024394,0.807577,0.463217
29.0800,0.038787,1.285068,-0.781244,0.008107,0.813121,-0.187928
29.1200,0.089290,1.233334,-1.798493,0.040307,0.792543,-0.832053
29.1600,0.136924,1.141960,-2.757937,0.071171,0.746556,-1.447907
29.2000,0.180157,1.013883,-3.628739,0.099713,0.676710,-2.015411
29.2400,0.217600,0.853218,-4.382910,0.125021,0.585324,-2.516415
29.2800,0.248049,0.665130,-4.996211,0.146291,0.475397,-2.935289
29.3200,0.270525,0.455664,-5.448929,0.162853,0.350500,-3.259329
29.3600,0.284306,0.231553,-5.726515,0.174185,0.214651,-3.478993
29.4000,0.288950,-0.000000,-5.820045,0.179936,0.072181,-3.588002
29.4400,0.284306,-0.231553,-5.726515,0.179932,-0.072390,-3.583366
29.4800,0.270525,-0.455664,-5.448929,0.174178,-0.214488,-3.465375
29.5200,0.248049,-0.665130,-4.996211,0.162865,-0.349620,-3.237589
29.5600,0.217600,-0.853218,-4.382910,0.146359,-0.473495,-2.906821
29.6000,0.180157,-1.013883,-3.628739,0.125189,-0.582165,-2.483085
29.6400,0.136924,-1.141960,-2.757937,0.100035,-0.672142,-1.979468
29.6800,0.089290,-1.233334,-1.798493,0.071706,-0.740523,-1.411875
29.7200,0.038787,-1.285068,-0.781244,0.041111,-0.785092,-0.798599
29.7600,-0.012964,-1.295499,0.261115,0.009235,-0.804411,-0.159720
29.8000,-0.064297,-1.264291,1.295082,-0.022897,-0.797870,0.483656
29.8400,-0.113565,-1.192448,2.287423,-0.054252,-0.765718,1.110254
29.8800,-0.159182,-1.082278,3.206245,-0.083827,-0.709049,1.699505
29.9200,-0.199683,-0.937324,4.022016,-0.110674,-0.629758,2.232355
29.9600,-0.233765,-0.762243,4.708516,-0.133940,-0.530461,2.691944
30.0000,-0.260335,-0.562662,5.243680,-0.152888,-0.414402,3.064107
30.0400,-0.278537,-0.344998,5.610308,-0.166919,-0.285333,3.337692
30.0800,-0.287787,-0.116245,5.796615,-0.175596,-0.147387,3.504738
30.1200,-0.287787,0.116245,5.796615,-0.178650,-0.004953,3.560531
30.1600,-0.278537,0.344998,5.610308,-0.175992,0.137456,3.503617
30.2000,-0.260335,0.562662,5.243680,-0.167714,0.275336,3.335793
30.2400,-0.233765,0.762243,4.708516,-0.154084,0.404319,3.062088
30.2800,-0.199683,0.937324,4.022016,-0.135542,0.520303,2.690740
30.3200,-0.159182,1.082278,3.206245,-0.112683,0.619578,2.233106
30.3600,-0.113565,1.192448,2.287423,-0.086241,0.698951,1.703478
30.4000,-0.064297,1.264291,1.295082,-0.057067,0.755857,1.118752
30.4400,-0.012964,1.295499,0.261115,-0.026097,0.788452,0.497924
30.4800,0.038787,1.285068,-0.781244,0.005671,0.795690,-0.138586
30.5200,0.089290,1.233334,-1.798493,0.037217,0.777365,-0.769731
30.5600,0.136924,1.141960,-2.757937,0.067527,0.734112,-1.374703
30.6000,0.180157,1.013883,-3.628739,0.095632,0.667388,-1.933771
30.6400,0.217600,0.853218,-4.382910,0.120635,0.579410,-2.429026
30.6800,0.248049,0.665130,-4.996211,0.141740,0.473066,-2.844974
30.7200,0.270525,0.455664,-5.448929,0.158281,0.351812,-3.168946
30.7600,0.284306,0.231553,-5.726515,0.169738,0.219551,-3.391350
30.8000,0.288950,-0.000000,-5.820045,0.175755,0.080504,-3.505787
30.8400,0.284306,-0.231553,-5.726515,0.176147,-0.060912,-3.509086
30.8800,0.270525,-0.455664,-5.448929,0.170910,-0.200222,-3.401307
30.9200,0.248049,-0.665130,-4.996211,0.160216,-0.333017,-3.185724
30.9600,0.217600,-0.853218,-4.382910,0.144412,-0.455080,-2.868810
31.0000,0.180157,-1.013883,-3.628739,0.124005,-0.562522,-2.460179
31.0400,0.136924,-1.141960,-2.757937,0.099651,-0.651895,-1.972463
31.0800,0.089290,-1.233334,-1.798493,0.072133,-0.720319,-1.421056
31.1200,0.038787,-1.285068,-0.781244,0.042335,-0.765579,-0.823708
31.1600,-0.012964,-1.295499,0.261115,0.011215,-0.786215,-0.199949
31.2000,-0.064297,-1.264291,1.295082,-0.020225,-0.781575,0.429648
31.2400,-0.113565,-1.192448,2.287423,-0.050976,-0.751843,1.044282
31.2800,-0.159182,-1.082278,3.206245,-0.080051,-0.698033,1.623784
31.3200,-0.199683,-0.937324,4.022016,-0.106521,-0.621941,2.149399
31.3600,-0.233765,-0.762243,4.708516,-0.129543,-0.526081,2.604461
31.4000,-0.260335,-0.562662,5.243680,-0.148386,-0.413584,2.974897
31.4400,-0.278537,-0.344998,5.610308,-0.162456,-0.288089,3.249556
31.4800,-0.287787,-0.116245,5.796615,-0.171313,-0.153619,3.420397
31.5200,-0.287787,0.116245,5.796615,-0.174683,-0.014457,3.482566
31.5600,-0.278537,0.344998,5.610308,-0.172466,0.124986,3.434412
31.6000,-0.260335,0.562662,5.243680,-0.164739,0.260296,3.277481
31.6400,-0.233765,0.762243,4.708516,-0.151754,0.387184,3.016501
31.6800,-0.199683,0.937324,4.022016,-0.133930,0.501616,2.659348
31.7200,-0.159182,1.082278,3.206245,-0.111840,0.599932,2.216960
31.7600,-0.113565,1.192448,2.287423,-0.086193,0.678973,1.703158
31.8000,-0.064297,1.264291,1.295082,-0.057814,0.736185,1.134318
31.8400,-0.012964,1.295499,0.261115,-0.027614,0.769718,0.528896
31.8800,0.038787,1.285068,-0.781244,0.003433,0.778497,-0.093225
31.9200,0.089290,1.233334,-1.798493,0.034331,0.762260,-0.711501
31.9600,0.136924,1.141960,-2.757937,0.064088,0.721576,-1.305562
32.0000,0.180157,1.013883,-3.628739,0.091749,0.657815,-1.856030
32.0400,0.217600,0.853218,-4.382910,0.116433,0.573094,-2.345247
32.0800,0.248049,0.665130,-4.996211,0.137354,0.470196,-2.757867
32.1200,0.270525,0.455664,-5.448929,0.153851,0.352465,-3.081276
32.1600,0.284306,0.231553,-5.726515,0.165404,0.223693,-3.305849
32.2000,0.288950,-0.000000,-5.820045,0.171654,0.087997,-3.425085
32.2400,0.284306,-0.231553,-5.726515,0.172409,-0.050313,-3.435653
32.2800,0.270525,-0.455664,-5.448929,0.167653,-0.186855,-3.337394
32.3200,0.248049,-0.665130,-4.996211,0.157542,-0.317305,-3.133318
32.3600,0.217600,-0.853218,-4.382910,0.142405,-0.437521,-2.829575
32.4000,0.180157,-1.013883,-3.628739,0.122728,-0.543671,-2.435399
32.4400,0.136924,-1.141960,-2.757937,0.099144,-0.632353,-1.962986
32.4800,0.089290,-1.233334,-1.798493,0.072411,-0.700710,-1.427241
32.5200,0.038787,-1.285068,-0.781244,0.043388,-0.746532,-0.845395
32.5600,-0.012964,-1.295499,0.261115,0.013009,-0.768341,-0.236441
32.6000,-0.064297,-1.264291,1.295082,-0.017749,-0.765447,0.379562
32.6400,-0.113565,-1.192448,2.287423,-0.047899,-0.737976,0.982287
32.6800,-0.159182,-1.082278,3.206245,-0.076472,-0.686864,1.551959
32.7200,-0.199683,-0.937324,4.022016,-0.102555,-0.613820,2.070129
32.7600,-0.233765,-0.762243,4.708516,-0.125317,-0.521254,2.520339
32.8000,-0.260335,-0.562662,5.243680,-0.144035,-0.412193,2.888620
32.8400,-0.278537,-0.344998,5.610308,-0.158119,-0.290165,3.163841
32.8800,-0.287787,-0.116245,5.796615,-0.167128,-0.159085,3.337900
32.9200,-0.287787,0.116245,5.796615,-0.170781,-0.023133,3.405819
32.9600,-0.278537,0.344998,5.610308,-0.168971,0.113380,3.365765
33.0000,-0.260335,0.562662,5.243680,-0.161761,0.246129,3.219052
33.0400,-0.233765,0.762243,4.708516,-0.149387,0.370904,2.970121
33.0800,-0.199683,0.937324,4.022016,-0.132248,0.483738,2.626509
33.1200,-0.159182,1.082278,3.206245,-0.110895,0.581025,2.198755
33.1600,-0.113565,1.192448,2.287423,-0.086015,0.659639,1.700224
33.2000,-0.064297,1.264291,1.295082,-0.058407,0.717043,1.146799
33.2400,-0.012964,1.295499,0.261115,-0.028960,0.751383,0.556411
33.2800,0.038787,1.285068,-0.781244,0.001381,0.761556,-0.051578
33.3200,0.089290,1.233334,-1.798493,0.031638,0.747256,-0.657115
33.3600,0.136924,1.141960,-2.757937,0.060841,0.708987,-1.240266
33.4000,0.180157,1.013883,-3.628739,0.088054,0.648035,-1.782004
33.4400,0.217600,0.853218,-4.382910,0.112408,0.566426,-2.264933
33.4800,0.248049,0.665130,-4.996211,0.133129,0.466841,-2.673869
33.5200,0.270525,0.455664,-5.448929,0.149559,0.352517,-2.996266
33.5600,0.284306,0.231553,-5.726515,0.161182,0.227139,-3.222484
33.6000,0.288950,-0.000000,-5.820045,0.167636,0.094718,-3.345937
33.6400,0.284306,-0.231553,-5.726515,0.168722,-0.040536,-3.363149
33.6800,0.270525,-0.455664,-5.448929,0.164413,-0.174334,-3.273762
33.7200,0.248049,-0.665130,-4.996211,0.154851,-0.302437,-3.080536
33.7600,0.217600,-0.853218,-4.382910,0.140348,-0.420777,-2.789314
33.8000,0.180157,-1.013883,-3.628739,0.121370,-0.525582,-2.408971
33.8400,0.136924,-1.141960,-2.757937,0.098527,-0.613494,-1.951284
33.8800,0.089290,-1.233334,-1.798493,0.072554,-0.681684,-1.430695
33.9200,0.038787,-1.285068,-0.781244,0.044285,-0.727950,-0.863929
33.9600,-0.012964,-1.295499,0.261115,0.014630,-0.750799,-0.269463
34.0000,-0.064297,-1.264291,1.295082,-0.015457,-0.749507,0.333148
34.0400,-0.113565,-1.192448,2.287423,-0.045009,-0.724147,0.924039
34.0800,-0.159182,-1.082278,3.206245,-0.073079,-0.675584,1.483830
34.1200,-0.199683,-0.937324,4.022016,-0.098768,-0.605441,1.994383
34.1600,-0.233765,-0.762243,4.708516,-0.121257,-0.516033,2.439455
34.2000,-0.260335,-0.562662,5.243680,-0.139832,-0.410284,2.805198
34.2400,-0.278537,-0.344998,5.610308,-0.153907,-0.291617,3.080514
34.2800,-0.287787,-0.116245,5.796615,-0.163040,-0.163843,3.257258
34.3200,-0.287787,0.116245,5.796615,-0.166948,-0.031037,3.330342
34.3600,-0.278537,0.344998,5.610308,-0.165512,0.102584,3.297771
34.4000,-0.260335,0.562662,5.243680,-0.158787,0.232785,3.160640
34.4400,-0.233765,0.762243,4.708516,-0.146990,0.355436,2.923122
34.4800,-0.199683,0.937324,4.022016,-0.130505,0.466635,2.592429
34.5200,-0.159182,1.082278,3.206245,-0.109860,0.562830,2.178718
34.5600,-0.113565,1.192448,2.287423,-0.085720,0.640932,1.694924
34.6000,-0.064297,1.264291,1.295082,-0.058860,0.698424,1.156450
34.6400,-0.012964,1.295499,0.261115,-0.030146,0.733448,0.580725
34.6800,0.038787,1.285068,-0.781244,-0.000499,0.744882,-0.013395
34.7200,0.089290,1.233334,-1.798493,0.029125,0.732377,-0.606340
34.7600,0.136924,1.141960,-2.757937,0.057777,0.696375,-1.178602
34.8000,0.180157,1.013883,-3.628739,0.084538,0.638088,-1.711513
34.8400,0.217600,0.853218,-4.382910,0.108553,0.559454,-2.187942
34.8800,0.248049,0.665130,-4.996211,0.129057,0.463053,-2.592878
34.9200,0.270525,0.455664,-5.448929,0.145402,0.352023,-2.913856
34.9600,0.284306,0.231553,-5.726515,0.157071,0.229945,-3.141238
35.0000,0.288950,-0.000000,-5.820045,0.163702,0.100724,-3.268370
35.0400,0.284306,-0.231553,-5.726515,0.165089,-0.031525,-3.291644
35.0800,0.270525,-0.455664,-5.448929,0.161195,-0.162607,-3.210521
35.1200,0.248049,-0.665130,-4.996211,0.152151,-0.288367,-3.027522
35.1600,0.217600,-0.853218,-4.382910,0.138250,-0.404809,-2.748206
35.2000,0.180157,-1.013883,-3.628739,0.119941,-0.508223,-2.381102
35.2400,0.136924,-1.141960,-2.757937,0.097811,-0.595297,-1.937589
35.2800,0.089290,-1.233334,-1.798493,0.072572,-0.663230,-1.431660
35.3200,0.038787,-1.285068,-0.781244,0.045037,-0.709830,-0.879558
35.3600,-0.012964,-1.295499,0.261115,0.016091,-0.733595,-0.299260
35.4000,-0.064297,-1.264291,1.295082,-0.013336,-0.733771,0.290170
35.4400,-0.113565,-1.192448,2.287423,-0.042296,-0.710381,0.869320
35.4800,-0.159182,-1.082278,3.206245,-0.069862,-0.664225,1.419206
35.5200,-0.199683,-0.937324,4.022016,-0.095151,-0.596845,1.922002
35.5600,-0.233765,-0.762243,4.708516,-0.117356,-0.510465,2.361688
35.6000,-0.260335,-0.562662,5.243680,-0.135772,-0.407910,2.724549
35.6400,-0.278537,-0.344998,5.610308,-0.149817,-0.292501,2.999534
35.6800,-0.287787,-0.116245,5.796615,-0.159050,-0.167947,3.178472
35.7200,-0.287787,0.116245,5.796615,-0.163184,-0.038223,3.256180
35.7600,-0.278537,0.344998,5.610308,-0.162094,0.092547,3.230514
35.8000,-0.260335,0.562662,5.243680,-0.155822,0.220218,3.102367
35.8400,-0.233765,0.762243,4.708516,-0.144572,0.340737,2.875658
35.8800,-0.199683,0.937324,4.022016,-0.128710,0.450270,2.557290
35.9200,-0.159182,1.082278,3.206245,-0.108744,0.545320,2.157060
35.9600,-0.113565,1.192448,2.287423,-0.085318,0.622835,1.687485
36.0000,-0.064297,1.264291,1.295082,-0.059185,0.680319,1.163512
36.0400,-0.012964,1.295499,0.261115,-0.031185,0.715916,0.602082
36.0800,0.038787,1.285068,-0.781244,-0.002219,0.728485,0.021561
36.1200,0.089290,1.233334,-1.798493,0.026782,0.717641,-0.558952
36.1600,0.136924,1.141960,-2.757937,0.054885,0.683769,-1.120372
36.2000,0.180157,1.013883,-3.628739,0.081191,0.628011,-1.644386
36.2400,0.217600,0.853218,-4.382910,0.104859,0.552218,-2.114136
36.2800,0.248049,0.665130,-4.996211,0.125134,0.458880,-2.514791
36.3200,0.270525,0.455664,-5.448929,0.141376,0.351035,-2.833983
36.3600,0.284306,0.231553,-5.726515,0.153070,0.232162,-3.062090
36.4000,0.288950,-0.000000,-5.820045,0.159852,0.106068,-3.192401
36.4400,0.284306,-0.231553,-5.726515,0.161513,-0.023230,-3.221195
36.4800,0.270525,-0.455664,-5.448929,0.158006,-0.151628,-3.147764
36.5200,0.248049,-0.665130,-4.996211,0.149449,-0.275051,-2.974409
36.5600,0.217600,-0.853218,-4.382910,0.136120,-0.389580,-2.706413
36.6000,0.180157,-1.013883,-3.628739,0.118450,-0.491565,-2.351980
36.6400,0.136924,-1.141960,-2.757937,0.097006,-0.577739,-1.922108
36.6800,0.089290,-1.233334,-1.798493,0.072479,-0.645333,-1.430361
36.7200,0.038787,-1.285068,-0.781244,0.045657,-0.692168,-0.892516
36.7600,-0.012964,-1.295499,0.261115,0.017403,-0.716734,-0.326065
36.8000,-0.064297,-1.264291,1.295082,-0.011375,-0.718253,0.250403
36.8400,-0.113565,-1.192448,2.287423,-0.039750,-0.696702,0.817925
36.8800,-0.159182,-1.082278,3.206245,-0.066813,-0.652819,1.357903
36.9200,-0.199683,-0.937324,4.022016,-0.091697,-0.588070,1.852830
36.9600,-0.233765,-0.762243,4.708516,-0.113608,-0.504593,2.286916
37.0000,-0.260335,-0.562662,5.243680,-0.131851,-0.405117,2.646589
37.0400,-0.278537,-0.344998,5.610308,-0.145847,-0.292866,2.920858
37.0800,-0.287787,-0.116245,5.796615,-0.155158,-0.171448,3.101536
37.1200,-0.287787,0.116245,5.796615,-0.159492,-0.044743,3.183366
37.1600,-0.278537,0.344998,5.610308,-0.158720,0.083221,3.164065
37.2000,-0.260335,0.562662,5.243680,-0.152872,0.208383,3.044339
37.2400,-0.233765,0.762243,4.708516,-0.142140,0.326768,2.827867
37.2800,-0.199683,0.937324,4.022016,-0.126871,0.434612,2.521261
37.3200,-0.159182,1.082278,3.206245,-0.107558,0.528469,2.133971
37.3600,-0.113565,1.192448,2.287423,-0.084821,0.605330,1.678117
37.4000,-0.064297,1.264291,1.295082,-0.059391,0.662719,1.168204
37.4400,-0.012964,1.295499,0.261115,-0.032088,0.698786,0.620706
37.4800,0.038787,1.285068,-0.781244,-0.003788,0.712375,0.053511
37.5200,0.089290,1.233334,-1.798493,0.024597,0.703067,-0.514741
37.5600,0.136924,1.141960,-2.757937,0.052156,0.671196,-1.065384
37.6000,0.180157,1.013883,-3.628739,0.078005,0.617836,-1.580457
37.6400,0.217600,0.853218,-4.382910,0.101319,0.544759,-2.043377
37.6800,0.248049,0.665130,-4.996211,0.121355,0.454366,-2.439506
37.7200,0.270525,0.455664,-5.448929,0.137477,0.349599,-2.756583
37.7600,0.284306,0.231553,-5.726515,0.149176,0.233839,-2.985011
37.8000,0.288950,-0.000000,-5.820045,0.156087,0.110798,-3.118041
37.8400,0.284306,-0.231553,-5.726515,0.157995,-0.015604,-3.151850
37.8800,0.270525,-0.455664,-5.448929,0.154847,-0.141350,-3.085575
37.9200,0.248049,-0.665130,-4.996211,0.146749,-0.262450,-2.921310
37.9600,0.217600,-0.853218,-4.382910,0.133965,-0.375055,-2.664081
38.0000,0.180157,-1.013883,-3.628739,0.116906,-0.475576,-2.321778
38.0400,0.136924,-1.141960,-2.757937,0.096123,-0.560797,-1.905036
38.0800,0.089290,-1.233334,-1.798493,0.072283,-0.627979,-1.427007
38.1200,0.038787,-1.285068,-0.781244,0.046154,-0.674958,-0.903019
38.1600,-0.012964,-1.295499,0.261115,0.018576,-0.700221,-0.350096
38.2000,-0.064297,-1.264291,1.295082,-0.009563,-0.702966,0.213638
38.2400,-0.113565,-1.192448,2.287423,-0.037359,-0.683130,0.769655
38.2800,-0.159182,-1.082278,3.206245,-0.063921,-0.641393,1.299747
38.3200,-0.199683,-0.937324,4.022016,-0.088397,-0.579150,1.786720
38.3600,-0.233765,-0.762243,4.708516,-0.110007,-0.498455,2.215022
38.4000,-0.260335,-0.562662,5.243680,-0.128063,-0.401948,2.571234
38.4400,-0.278537,-0.344998,5.610308,-0.141993,-0.292757,2.844435
38.4800,-0.287787,-0.116245,5.796615,-0.151361,-0.174393,3.026440
38.5200,-0.287787,0.116245,5.796615,-0.155873,-0.050642,3.111923
38.5600,-0.278537,0.344998,5.610308,-0.155393,0.074560,3.098482
38.6000,-0.260335,0.562662,5.243680,-0.149942,0.197237,2.986648
38.6400,-0.233765,0.762243,4.708516,-0.139699,0.313492,2.779875
38.6800,-0.199683,0.937324,4.022016,-0.124997,0.419627,2.484494
38.7200,-0.159182,1.082278,3.206245,-0.106310,0.512252,2.109627
38.7600,-0.113565,1.192448,2.287423,-0.084237,0.588397,1.667013
38.8000,-0.064297,1.264291,1.295082,-0.059490,0.645613,1.170733
38.8400,-0.012964,1.295499,0.261115,-0.032865,0.682056,0.636807
38.8800,0.038787,1.285068,-0.781244,-0.005219,0.696557,0.082662
38.9200,0.089290,1.233334,-1.798493,0.022560,0.688669,-0.473510
38.9600,0.136924,1.141960,-2.757937,0.049580,0.658677,-1.013455
39.0000,0.180157,1.013883,-3.628739,0.074973,0.607592,-1.519564
39.0400,0.217600,0.853218,-4.382910,0.097928,0.537112,-1.975534
39.0800,0.248049,0.665130,-4.996211,0.117714,0.449550,-2.366923
39.1200,0.270525,0.455664,-5.448929,0.133702,0.347758,-2.681586
39.1600,0.284306,0.231553,-5.726515,0.145388,0.235023,-2.909969
39.2000,0.288950,-0.000000,-5.820045,0.152406,0.114960,-3.045293
39.2400,0.284306,-0.231553,-5.726515,0.154538,-0.008601,-3.083647
39.2800,0.270525,-0.455664,-5.448929,0.151724,-0.131732,-3.024026
39.3200,0.248049,-0.665130,-4.996211,0.144058,-0.250523,-2.868330
39.3600,0.217600,-0.853218,-4.382910,0.131790,-0.361198,-2.621341
39.4000,0.180157,-1.013883,-3.628739,0.115317,-0.460230,-2.290653
39.4400,0.136924,-1.141960,-2.757937,0.095170,-0.544450,-1.886550
39.4800,0.089290,-1.233334,-1.798493,0.071995,-0.611154,-1.421790
39.5200,0.038787,-1.285068,-0.781244,0.046540,-0.658193,-0.911267
39.5600,-0.012964,-1.295499,0.261115,0.019622,-0.684055,-0.371556
39.6000,-0.064297,-1.264291,1.295082,-0.007891,-0.687918,0.179676
39.6400,-0.113565,-1.192448,2.287423,-0.035116,-0.669681,0.724327
39.6800,-0.159182,-1.082278,3.206245,-0.061179,-0.629972,1.244569
39.7200,-0.199683,-0.937324,4.022016,-0.085245,-0.570116,1.723528
39.7600,-0.233765,-0.762243,4.708516,-0.106546,-0.492090,2.145890
39.8000,-0.260335,-0.562662,5.243680,-0.124404,-0.398445,2.498398
39.8400,-0.278537,-0.344998,5.610308,-0.138253,-0.292218,2.770215
39.8800,-0.287787,-0.116245,5.796615,-0.147659,-0.176827,2.953165
39.9200,-0.287787,0.116245,5.796615,-0.152326,-0.055964,3.041870
39.9600,-0.278537,0.344998,5.610308,-0.152114,0.066522,3.033817
40.0000,-0.260335,0.562662,5.243680,-0.147035,0.186741,2.929377
40.0400,-0.233765,0.762243,4.708516,-0.137256,0.300872,2.731791
40.0800,-0.199683,0.937324,4.022016,-0.123095,0.405284,2.447126
40.1200,-0.159182,1.082278,3.206245,-0.105008,0.496642,2.084189
40.1600,-0.113565,1.192448,2.287423,-0.083577,0.572019,1.654351
40.2000,-0.064297,1.264291,1.295082,-0.059492,0.628991,1.171288
40.2400,-0.012964,1.295499,0.261115,-0.033528,0.665722,0.650582
40.2800,0.038787,1.285068,-0.781244,-0.006520,0.681037,0.109211
40.3200,0.089290,1.233334,-1.798493,0.020663,0.674459,-0.435071
40.3600,0.136924,1.141960,-2.757937,0.047148,0.646231,-0.964413
40.4000,0.180157,1.013883,-3.628739,0.072085,0.597306,-1.461556
40.4400,0.217600,0.853218,-4.382910,0.094678,0.529307,-1.910478
40.4800,0.248049,0.665130,-4.996211,0.114205,0.444468,-2.296942
40.5200,0.270525,0.455664,-5.448929,0.130047,0.345552,-2.608926
40.5600,0.284306,0.231553,-5.726515,0.141704,0.235754,-2.836928
40.6000,0.288950,-0.000000,-5.820045,0.148809,0.118597,-2.974153
40.6400,0.284306,-0.231553,-5.726515,0.151143,-0.002178,-3.016614
40.6800,0.270525,-0.455664,-5.448929,0.148638,-0.122732,-2.963176
40.7200,0.248049,-0.665130,-4.996211,0.141379,-0.239232,-2.815560
40.7600,0.217600,-0.853218,-4.382910,0.129603,-0.347976,-2.578312
40.8000,0.180157,-1.013883,-3.628739,0.113691,-0.445497,-2.258746
40.8400,0.136924,-1.141960,-2.757937,0.094155,-0.528676,-1.866812
40.8800,0.089290,-1.233334,-1.798493,0.071624,-0.594842,-1.414887
40.9200,0.038787,-1.285068,-0.781244,0.046823,-0.641867,-0.917449
40.9600,-0.012964,-1.295499,0.261115,0.020550,-0.668238,-0.390633
41.0000,-0.064297,-1.264291,1.295082,-0.006349,-0.673118,0.148331
41.0400,-0.113565,-1.192448,2.287423,-0.033011,-0.656372,0.681763
41.0800,-0.159182,-1.082278,3.206245,-0.058578,-0.618577,1.192210
41.1200,-0.199683,-0.937324,4.022016,-0.082233,-0.560995,1.663114
41.1600,-0.233765,-0.762243,4.708516,-0.103219,-0.485528,2.079407
41.2000,-0.260335,-0.562662,5.243680,-0.120869,-0.394642,2.427999
41.2400,-0.278537,-0.344998,5.610308,-0.134624,-0.291288,2.698144
41.2800,-0.287787,-0.116245,5.796615,-0.144050,-0.178791,2.881689
41.3200,-0.287787,0.116245,5.796615,-0.148853,-0.060753,2.973214
41.3600,-0.278537,0.344998,5.610308,-0.148887,0.059066,2.970110
41.4000,-0.260335,0.562662,5.243680,-0.144155,0.176856,2.872597
41.4400,-0.233765,0.762243,4.708516,-0.134815,0.288874,2.683715
41.4800,-0.199683,0.937324,4.022016,-0.121170,0.391554,2.409283
41.5200,-0.159182,1.082278,3.206245,-0.103659,0.481617,2.057801
41.5600,-0.113565,1.192448,2.287423,-0.082847,0.556178,1.640295
41.6000,-0.064297,1.264291,1.295082,-0.059404,0.612840,1.170046
41.6400,-0.012964,1.295499,0.261115,-0.034083,0.649781,0.662213
41.6800,0.038787,1.285068,-0.781244,-0.007701,0.665817,0.133339
41.7200,0.089290,1.233334,-1.798493,0.018896,0.660448,-0.399247
41.7600,0.136924,1.141960,-2.757937,0.044852,0.633877,-0.918093
41.8000,0.180157,1.013883,-3.628739,0.069335,0.587001,-1.406286
41.8400,0.217600,0.853218,-4.382910,0.091562,0.521375,-1.848085
41.8800,0.248049,0.665130,-4.996211,0.110824,0.439154,-2.229463
41.9200,0.270525,0.455664,-5.448929,0.126509,0.343018,-2.538531
41.9600,0.284306,0.231553,-5.726515,0.138121,0.236072,-2.765848
42.0000,0.288950,-0.000000,-5.820045,0.145296,0.121750,-2.904612
42.0400,0.284306,-0.231553,-5.726515,0.147811,0.003703,-2.950774
42.0800,0.270525,-0.455664,-5.448929,0.145593,-0.114312,-2.903079
42.1200,0.248049,-0.665130,-4.996211,0.138717,-0.228544,-2.763078
42.1600,0.217600,-0.853218,-4.382910,0.127408,-0.335358,-2.535101
42.2000,0.180157,-1.013883,-3.628739,0.112033,-0.431352,-2.226188
42.2400,0.136924,-1.141960,-2.757937,0.093085,-0.513454,-1.845971
42.2800,0.089290,-1.233334,-1.798493,0.071177,-0.579029,-1.406462
42.3200,0.038787,-1.285068,-0.781244,0.047012,-0.625970,-0.921736
42.3600,-0.012964,-1.295499,0.261115,0.021368,-0.652768,-0.407505
42.4000,-0.064297,-1.264291,1.295082,-0.004929,-0.658571,0.119430
42.4400,-0.113565,-1.192448,2.287423,-0.031035,-0.643214,0.641797
42.4800,-0.159182,-1.082278,3.206245,-0.056111,-0.607227,1.142517
42.5200,-0.199683,-0.937324,4.022016,-0.079354,-0.551813,1.605346
42.5600,-0.233765,-0.762243,4.708516,-0.100021,-0.478799,2.015463
42.6000,-0.260335,-0.562662,5.243680,-0.117455,-0.390576,2.359951
42.6400,-0.278537,-0.344998,5.610308,-0.131102,-0.290003,2.628167
42.6800,-0.287787,-0.116245,5.796615,-0.140534,-0.180322,2.811986
42.7200,-0.287787,0.116245,5.796615,-0.145454,-0.065044,2.905962
42.7600,-0.278537,0.344998,5.610308,-0.145712,0.052155,2.907396
42.8000,-0.260335,0.562662,5.243680,-0.141305,0.167547,2.816370
42.8400,-0.233765,0.762243,4.708516,-0.132381,0.277464,2.635737
42.8800,-0.199683,0.937324,4.022016,-0.119228,0.378406,2.371076
42.9200,-0.159182,1.082278,3.206245,-0.102271,0.467150,2.030599
42.9600,-0.113565,1.192448,2.287423,-0.082057,0.540854,1.624996
43.0000,-0.064297,1.264291,1.295082,-0.059235,0.597150,1.167168
43.0400,-0.012964,1.295499,0.261115,-0.034541,0.634228,0.671869
43.0800,0.038787,1.285068,-0.781244,-0.008769,0.650900,0.155218
43.1200,0.089290,1.233334,-1.798493,0.017251,0.646645,-0.365873
43.1600,0.136924,1.141960,-2.757937,0.042685,0.621630,-0.874340
43.2000,0.180157,1.013883,-3.628739,0.066716,0.576698,-1.353614
43.2400,0.217600,0.853218,-4.382910,0.088575,0.513341,-1.788236
43.2800,0.248049,0.665130,-4.996211,0.107565,0.433639,-2.164392
43.3200,0.270525,0.455664,-5.448929,0.123083,0.340189,-2.470333
43.3600,0.284306,0.231553,-5.726515,0.134637,0.236012,-2.696687
43.4000,0.288950,-0.000000,-5.820045,0.141865,0.124454,-2.836659
43.4400,0.284306,-0.231553,-5.726515,0.144542,0.009080,-2.886143
43.4800,0.270525,-0.455664,-5.448929,0.142590,-0.106437,-2.887920
