t_s,x_px,y_px
0.0000,896.68,1101.10
0.0400,945.30,1088.59
0.0800,987.75,1077.32
0.1200,1010.82,1067.62
0.1600,1022.53,1059.81
0.2000,1028.80,1055.05
0.2400,1023.62,1057.89
0.2800,1012.99,1065.00
0.3200,993.48,1073.85
0.3600,951.96,1085.12
0.4000,841.41,1109.94
0.4400,776.24,1120.87
0.4800,705.05,1129.81
0.5200,629.52,1135.57
0.5600,552.37,1137.66
0.6000,406.80,1131.41
0.6400,337.08,1123.92
0.6800,272.99,1113.90
0.7200,217.68,1102.73
0.7600,171.96,1091.60
0.8000,108.37,1073.95
0.8400,90.84,1068.61
0.8800,83.99,1066.43
0.9200,85.77,1067.50
0.9600,97.84,1071.33
1.0000,150.09,1086.93
1.0400,189.04,1097.32
1.0800,235.28,1108.35
1.1200,290.33,1118.88
1.1600,352.47,1127.58
1.2000,482.56,1138.89
1.2400,551.66,1140.16
1.2800,622.88,1137.94
1.3200,691.47,1132.79
1.3600,758.26,1125.38
1.4000,877.14,1104.26
1.4400,927.14,1092.26
1.4800,969.88,1081.12
1.5200,1001.14,1071.41
1.5600,1015.24,1063.75
1.6000,1024.46,1057.23
1.6400,1020.56,1059.16
1.6800,1011.34,1064.85
1.7200,993.47,1073.22
1.7600,955.41,1083.60
1.8000,851.00,1108.52
1.8400,788.71,1119.24
1.8800,719.99,1129.05
1.9200,647.02,1135.24
1.9600,571.37,1138.46
2.0000,425.79,1134.08
2.0400,357.54,1127.42
2.0800,292.27,1118.39
2.1200,235.48,1107.50
2.1600,187.87,1096.56
2.2000,120.42,1078.09
2.2400,100.77,1072.26
2.2800,91.30,1069.53
2.3200,91.39,1069.46
2.3600,101.47,1072.68
2.4000,148.76,1086.33
2.4400,185.26,1096.21
2.4800,229.65,1106.36
2.5200,281.83,1116.87
2.5600,341.42,1125.53
2.6000,468.98,1136.91
2.6400,535.97,1138.99
2.6800,606.31,1137.79
2.7200,673.89,1133.27
2.7600,739.44,1126.85
2.8000,858.06,1107.29
2.8400,909.35,1095.48
2.8800,952.28,1084.63
2.9200,988.64,1074.94
2.9600,1016.66,1062.06
3.0000,1019.83,1059.90
3.0400,1017.25,1061.31
3.0800,1009.19,1066.18
3.1200,993.06,1073.77
3.1600,913.52,1095.02
3.2000,860.47,1107.51
3.2400,800.00,1117.98
3.2800,733.95,1128.24
3.3200,663.40,1134.84
3.3600,514.36,1139.58
3.4000,443.79,1136.04
3.4400,376.73,1130.37
3.4800,310.35,1121.93
3.5200,252.37,1111.68
3.5600,163.19,1090.63
3.6000,132.85,1082.17
3.6400,111.52,1075.67
3.6800,99.92,1072.27
3.7200,98.64,1071.64
3.7600,123.25,1078.87
3.8000,148.92,1085.96
3.8400,183.48,1094.92
3.8800,225.88,1104.70
3.9200,275.27,1114.88
3.9600,394.55,1130.66
4.0000,456.86,1135.39
4.0400,522.12,1138.28
4.0800,589.82,1137.36
4.1200,657.42,1134.09
4.1600,783.68,1119.55
4.2000,840.35,1110.04
4.2400,892.16,1099.37
4.2800,936.08,1088.41
4.3200,973.22,1078.60
4.3600,1010.48,1065.49
4.4000,1015.30,1062.90
4.4400,1014.45,1063.78
4.4800,1007.18,1067.64
4.5200,992.89,1074.38
4.5600,919.01,1094.22
4.6000,868.06,1106.32
4.6400,810.37,1117.39
4.6800,745.99,1127.65
4.7200,677.32,1134.68
4.7600,531.29,1140.24
4.8000,461.27,1138.17
4.8400,393.64,1132.90
4.8800,328.46,1124.88
4.9200,269.01,1115.59
4.9600,177.84,1094.54
5.0000,145.93,1085.59
5.0400,123.29,1078.99
5.0800,110.40,1074.84
5.1200,106.56,1073.52
5.1600,127.34,1079.07
5.2000,151.15,1085.46
5.2400,182.89,1093.81
5.2800,223.01,1102.99
5.3200,270.05,1112.86
5.3600,384.68,1128.80
5.4000,444.79,1133.80
5.4400,507.91,1136.62
5.4800,574.37,1136.74
5.5200,641.21,1134.47
5.5600,766.58,1121.78
5.6000,823.92,1112.89
5.6400,874.98,1102.70
5.6800,920.67,1092.13
5.7200,958.71,1082.70
5.7600,1004.18,1069.49
5.8000,1010.68,1066.44
5.8400,1011.04,1066.63
5.8800,1005.33,1069.65
5.9200,991.89,1075.81
5.9600,922.87,1094.80
6.0000,874.61,1106.23
6.0400,818.76,1117.01
6.0800,756.73,1126.90
6.1200,689.09,1134.28
6.1600,545.74,1140.83
6.2000,475.67,1139.28
6.2400,409.66,1134.39
6.2800,345.03,1127.33
6.3200,285.07,1118.45
6.3600,192.77,1098.04
6.4000,159.56,1089.37
6.4400,135.68,1082.08
6.4800,121.26,1077.35
6.5200,120.13,1076.09
6.5600,132.77,1079.55
6.6000,154.18,1085.40
6.6400,183.77,1092.99
6.6800,221.23,1101.46
6.7200,318.37,1119.54
6.7600,375.61,1127.04
6.8000,434.95,1132.41
6.8400,496.21,1135.54
6.8800,560.46,1136.72
6.9200,689.94,1130.37
6.9600,751.31,1123.75
7.0000,808.20,1115.26
7.0400,859.90,1105.95
7.0800,906.72,1096.19
7.1200,977.23,1079.09
7.1600,997.40,1073.16
7.2000,1005.77,1069.88
7.2400,1007.11,1069.53
7.2800,1002.46,1072.08
7.3200,962.08,1085.49
7.3600,925.16,1094.95
7.4000,879.38,1105.69
7.4400,825.20,1116.54
7.4800,764.65,1126.25
7.5200,630.70,1139.05
7.5600,559.58,1141.20
7.6000,489.95,1140.04
7.6400,424.60,1135.99
7.6800,362.10,1129.43
7.7200,250.40,1111.09
7.7600,207.71,1101.08
7.8000,173.67,1091.86
7.8400,148.49,1084.68
7.8800,132.50,1079.59
7.9200,127.79,1077.34
7.9600,138.39,1080.06
8.0000,157.27,1085.00
8.0400,184.87,1091.99
8.0800,220.18,1100.50
8.1200,312.54,1118.12
8.1600,368.08,1125.60
8.2000,425.83,1130.89
8.2400,485.63,1134.87
8.2800,548.22,1136.38
8.3200,676.09,1131.89
8.3600,736.40,1126.11
8.4000,793.64,1117.88
8.4400,845.94,1109.57
8.4800,893.02,1100.16
8.5200,965.18,1083.50
8.5600,989.57,1077.35
8.6000,1000.12,1073.56
8.6400,1002.85,1072.57
8.6800,999.11,1074.39
8.7200,961.39,1086.69
8.7600,926.07,1095.63
8.8000,882.33,1106.14
8.8400,830.47,1116.07
8.8800,773.13,1125.61
8.9200,641.80,1138.69
8.9600,572.83,1141.04
9.0000,504.10,1140.30
9.0400,439.25,1137.18
9.0800,377.54,1130.88
9.1200,265.84,1113.49
9.1600,222.25,1103.73
9.2000,187.59,1094.51
9.2400,160.95,1086.87
9.2800,143.73,1081.71
9.3200,135.44,1078.53
9.3600,144.06,1080.32
9.4000,161.41,1085.23
9.4400,186.76,1091.41
9.4800,219.93,1099.42
9.5200,308.09,1116.37
9.5600,361.80,1123.89
9.6000,417.84,1130.01
9.6400,476.14,1134.18
9.6800,537.43,1136.45
9.7200,663.68,1132.81
9.7600,724.02,1127.84
9.8000,780.45,1120.79
9.8400,832.60,1112.50
9.8800,920.98,1094.59
9.9200,953.94,1086.71
9.9600,979.06,1080.91
10.0000,993.80,1076.83
10.0400,997.99,1075.34
10.0800,984.23,1080.78
10.1200,959.97,1087.38
10.1600,927.13,1095.94
10.2000,885.61,1105.68
10.2400,835.82,1115.61
10.2800,718.91,1132.86
10.3200,652.70,1137.97
10.3600,585.56,1140.62
10.4000,517.23,1140.36
10.4400,453.44,1137.34
10.4800,333.81,1124.35
10.5200,280.80,1115.59
10.5600,236.40,1105.93
10.6000,200.62,1097.03
10.6400,173.21,1089.17
10.6800,144.79,1080.38
10.7200,143.62,1079.55
10.7600,150.52,1081.34
10.8000,165.60,1085.63
10.8400,189.42,1091.26
10.8800,258.92,1106.91
10.9200,304.74,1115.73
10.9600,356.37,1123.27
11.0000,411.77,1129.44
11.0400,468.12,1134.03
11.0800,589.95,1136.39
11.1200,651.78,1133.95
11.1600,711.12,1129.56
11.2000,767.23,1123.43
11.2400,820.39,1115.58
11.2800,908.90,1098.23
11.3200,942.70,1090.45
11.3600,968.50,1084.31
11.4000,986.23,1080.23
11.4400,992.55,1078.40
11.4800,979.95,1082.80
11.5200,958.37,1088.79
11.5600,927.25,1096.60
11.6000,887.85,1105.75
11.6400,839.90,1115.24
11.6800,726.18,1131.97
11.7200,662.27,1137.29
11.7600,596.83,1139.88
11.8000,529.54,1140.38
11.8400,466.35,1137.51
11.8800,347.79,1125.43
11.9200,294.71,1116.82
11.9600,249.60,1107.75
12.0000,213.02,1099.08
12.0400,184.92,1091.68
12.0800,153.81,1082.49
12.1200,151.32,1081.21
12.1600,156.79,1082.56
12.2000,170.37,1085.99
12.2400,192.25,1091.66
12.2800,258.02,1107.12
12.3200,301.59,1115.38
12.3600,351.93,1122.77
12.4000,404.95,1129.12
12.4400,460.49,1134.07
12.4800,579.26,1137.20
12.5200,639.78,1135.50
12.5600,698.60,1131.53
12.6000,755.20,1126.07
12.6400,807.63,1118.45
12.6800,896.79,1102.05
12.7200,931.35,1094.11
12.7600,958.28,1087.89
12.8000,976.98,1083.55
12.8400,986.35,1081.18
12.8800,975.46,1084.61
12.9200,955.29,1089.86
12.9600,926.21,1096.96
13.0000,888.54,1105.90
13.0400,842.36,1114.88
13.0800,732.63,1130.97
13.1200,670.51,1136.18
13.1600,605.46,1139.26
13.2000,540.10,1139.59
13.2400,476.60,1137.47
13.2800,360.95,1125.95
13.3200,307.74,1118.20
13.3600,262.23,1109.60
13.4000,225.34,1100.84
13.4400,175.58,1087.76
13.4800,163.16,1084.10
13.5200,159.15,1082.80
13.5600,163.16,1083.74
13.6000,175.16,1086.97
13.6400,222.90,1099.24
13.6800,257.53,1106.84
13.7200,298.85,1114.91
13.7600,347.35,1122.46
13.8000,399.04,1128.86
13.8400,509.75,1136.76
13.8800,569.28,1138.03
13.9200,629.71,1136.92
13.9600,688.26,1133.17
14.0000,743.91,1127.53
14.0400,843.83,1113.16
14.0800,885.75,1105.10
14.1200,920.88,1097.46
14.1600,948.64,1090.94
14.2000,968.16,1086.20
14.2400,979.40,1083.54
14.2800,970.32,1085.92
14.3200,951.83,1090.71
14.3600,924.17,1097.22
14.4000,888.37,1105.53
14.4400,793.53,1122.37
14.4800,737.77,1130.02
14.5200,677.91,1135.41
14.5600,614.37,1138.51
14.6000,549.68,1139.06
14.6400,428.34,1132.91
14.6800,372.78,1127.17
14.7200,320.10,1119.73
14.7600,274.18,1111.53
14.8000,236.42,1103.14
14.8400,185.14,1089.98
14.8800,171.53,1086.21
14.9200,166.37,1084.68
14.9600,168.87,1085.32
15.0000,179.47,1088.11
15.0400,223.48,1099.38
15.0800,256.38,1107.03
15.1200,296.61,1115.16
15.1600,343.33,1122.73
15.2000,393.93,1129.35
15.2400,501.98,1137.28
15.2800,560.23,1138.51
15.3200,620.33,1137.67
15.3600,677.92,1134.48
15.4000,733.53,1129.73
15.4400,833.49,1115.77
15.4800,874.75,1107.71
15.5200,911.17,1100.26
15.5600,938.95,1093.76
15.6000,958.97,1088.77
15.6400,972.25,1085.35
15.6800,964.84,1087.35
15.7200,947.76,1091.57
15.7600,921.56,1097.56
15.8000,887.31,1105.25
15.8400,796.67,1121.37
15.8800,742.13,1128.34
15.9200,684.33,1134.11
15.9600,623.10,1137.60
16.0000,558.78,1138.77
16.0400,439.38,1133.62
16.0800,384.97,1128.33
16.1200,332.28,1121.23
16.1600,285.79,1113.47
16.2000,247.56,1105.28
16.2400,194.44,1092.51
16.2800,179.49,1088.58
16.3200,173.06,1086.84
16.3600,173.80,1087.20
16.4000,183.04,1089.71
16.4400,224.27,1100.24
16.4800,255.73,1107.65
16.5200,294.14,1115.65
16.5600,339.69,1122.64
16.6000,389.05,1129.52
16.6400,495.64,1137.77
16.6800,552.49,1139.26
16.7200,611.42,1138.90
16.7600,668.98,1136.04
16.8000,723.26,1131.32
16.8400,822.70,1117.83
16.8800,864.44,1110.38
16.9200,900.66,1102.70
16.9600,929.15,1095.94
17.0000,962.04,1087.89
17.0400,965.23,1086.89
17.0800,958.99,1088.24
17.1200,943.60,1091.91
17.1600,919.10,1097.35
17.2000,845.67,1112.42
17.2400,799.10,1120.02
17.2800,746.87,1127.32
17.3200,689.98,1132.93
17.3600,630.16,1136.55
17.4000,508.20,1136.95
17.4400,450.45,1133.90
17.4800,396.08,1128.94
17.5200,344.23,1122.06
17.5600,297.52,1114.77
17.6000,226.42,1100.43
17.6400,202.81,1094.82
17.6800,187.46,1090.76
17.7200,179.46,1088.62
17.7600,179.43,1088.68
17.8000,203.38,1095.60
17.8400,226.49,1101.38
17.8800,256.65,1108.37
17.9200,294.32,1115.78
17.9600,338.15,1123.20
18.0000,437.35,1134.64
18.0400,490.75,1138.66
18.0800,546.49,1140.10
18.1200,604.30,1139.37
18.1600,660.58,1136.64
18.2000,765.94,1126.15
18.2400,813.47,1119.12
18.2800,854.65,1111.54
18.3200,891.04,1104.25
18.3600,919.56,1097.55
18.4000,953.82,1089.23
18.4400,957.64,1087.95
18.4800,952.82,1089.18
18.5200,938.37,1092.10
18.5600,915.60,1097.65
18.6000,845.25,1111.79
18.6400,800.43,1119.12
18.6800,749.38,1126.54
18.7200,694.42,1131.71
18.7600,635.95,1135.67
18.8000,515.62,1136.71
18.8400,458.19,1133.72
18.8800,404.11,1129.61
18.9200,353.18,1123.67
18.9600,306.43,1116.78
19.0000,234.20,1102.65
19.0400,209.90,1096.59
19.0800,193.73,1093.44
19.1200,185.11,1091.43
19.1600,184.52,1091.21
19.2000,205.44,1097.25
19.2400,227.57,1102.65
19.2800,256.84,1109.60
19.3200,292.50,1116.83
19.3600,335.52,1123.86
19.4000,433.00,1134.97
19.4400,485.23,1138.34
19.4800,540.12,1140.23
19.5200,596.51,1140.13
19.5600,652.27,1137.33
19.6000,756.12,1127.38
19.6400,803.34,1120.29
19.6800,844.70,1113.47
19.7200,880.84,1106.11
19.7600,910.02,1099.45
19.8000,945.37,1090.60
19.8400,950.05,1089.07
19.8800,945.93,1090.11
19.9200,932.94,1092.85
19.9600,911.23,1097.92
20.0000,844.40,1111.24
20.0400,800.87,1118.30
20.0800,751.33,1125.47
20.1200,697.63,1130.90
20.1600,640.80,1135.30
20.2000,523.16,1137.15
20.2400,466.35,1134.95
20.2800,412.61,1130.60
20.3200,361.86,1124.94
20.3600,314.92,1118.61
20.4000,242.35,1105.42
20.4400,217.60,1099.95
20.4800,200.59,1096.04
20.5200,191.15,1093.71
20.5600,195.22,1095.35
20.6000,208.36,1098.74
20.6400,229.66,1104.10
20.6800,257.20,1110.52
20.7200,292.54,1117.75
20.7600,379.81,1130.54
20.8000,428.32,1135.36
20.8400,479.64,1138.62
20.8800,533.39,1140.09
20.9200,589.02,1139.73
20.9600,697.18,1133.40
21.0000,747.07,1128.44
21.0400,793.71,1121.27
21.0800,835.34,1114.62
21.1200,871.50,1107.44
21.1600,922.87,1095.37
21.2000,936.83,1091.94
21.2400,942.49,1090.40
21.2800,939.68,1090.87
21.3200,927.54,1093.27
21.3600,878.67,1104.12
21.4000,842.97,1110.79
21.4400,800.75,1117.80
21.4800,753.41,1124.77
21.5200,701.36,1130.48
21.5600,587.36,1136.75
21.6000,528.72,1137.05
21.6400,472.97,1135.13
21.6800,419.81,1131.36
21.7200,370.08,1126.35
21.7600,282.98,1113.84
21.8000,250.21,1107.50
21.8400,224.74,1101.20
21.8800,207.10,1098.13
21.9200,197.20,1095.80
21.9600,199.66,1096.92
22.0000,212.11,1100.33
22.0400,231.72,1105.12
22.0800,258.06,1110.80
22.1200,291.67,1117.27
22.1600,377.19,1130.10
22.2000,424.84,1134.91
22.2400,475.11,1138.36
22.2800,527.98,1140.15
22.3200,582.77,1139.86
22.3600,689.70,1133.85
22.4000,739.62,1128.51
22.4400,785.78,1122.01
22.4800,826.99,1115.05
22.5200,862.51,1108.37
22.5600,914.43,1096.76
22.6000,928.99,1093.08
22.6400,935.26,1091.23
22.6800,933.27,1091.44
22.7200,922.19,1093.64
22.7600,876.14,1103.76
22.8000,841.50,1110.35
22.8400,800.78,1117.53
22.8800,754.63,1124.52
22.9200,703.47,1130.09
22.9600,592.58,1136.86
23.0000,535.10,1137.30
23.0400,480.12,1135.87
23.0800,427.26,1132.52
23.1200,377.88,1127.77
23.1600,291.21,1115.98
23.2000,258.11,1109.89
23.2400,232.34,1104.59
23.2800,213.88,1100.38
23.3200,203.17,1098.28
23.3600,204.02,1098.82
23.4000,215.42,1101.81
23.4400,234.25,1106.25
23.4800,259.99,1111.57
23.5200,292.41,1117.23
23.5600,375.74,1129.58
23.6000,422.66,1134.51
23.6400,472.05,1137.83
23.6800,523.77,1139.47
23.7200,577.70,1139.47
23.7600,682.90,1133.89
23.8000,732.43,1128.91
23.8400,777.63,1122.62
23.8800,818.55,1115.66
23.9200,853.75,1109.43
23.9600,905.83,1096.77
24.0000,920.95,1094.15
24.0400,927.38,1091.14
24.0800,926.34,1092.16
24.1200,898.05,1098.55
24.1600,872.28,1104.05
24.2000,839.05,1110.23
24.2400,799.93,1117.08
24.2800,755.02,1123.96
24.3200,652.45,1133.97
24.3600,596.98,1136.95
24.4000,540.65,1137.61
24.4400,486.35,1136.82
24.4800,434.03,1133.70
24.5200,339.10,1123.63
24.5600,298.49,1117.67
24.6000,264.84,1111.50
24.6400,238.61,1106.70
24.6800,219.67,1102.59
24.7200,204.62,1099.65
24.7600,207.95,1100.62
24.8000,218.72,1103.18
24.8400,236.95,1107.11
24.8800,261.72,1112.32
24.9200,332.49,1124.16
24.9600,375.67,1129.65
25.0000,421.48,1134.41
25.0400,469.90,1137.38
25.0800,520.82,1139.22
25.1200,625.98,1137.37
25.1600,676.88,1133.89
25.2000,725.73,1129.22
25.2400,770.32,1123.07
25.2800,811.10,1116.30
25.3200,875.06,1103.91
25.3600,897.83,1098.71
25.4000,913.14,1095.12
25.4400,920.61,1093.10
25.4800,919.83,1093.22
25.5200,893.91,1099.17
25.5600,869.25,1104.44
25.6000,837.45,1110.89
25.6400,800.30,1117.31
25.6800,756.06,1124.14
25.7200,655.93,1134.43
25.7600,601.70,1137.31
25.8000,545.62,1138.42
25.8400,491.92,1137.39
25.8800,440.25,1134.67
25.9200,345.81,1125.29
25.9600,304.87,1119.57
26.0000,271.45,1113.94
26.0400,244.58,1108.76
26.0800,225.43,1104.55
26.1200,209.79,1101.10
26.1600,212.81,1102.12
26.2000,223.00,1104.62
26.2400,240.69,1108.24
26.2800,264.98,1113.22
26.3200,333.76,1124.01
26.3600,375.93,1129.13
26.4000,421.08,1133.44
26.4400,468.09,1136.47
26.4800,517.97,1138.84
26.5200,620.53,1137.02
26.5600,670.90,1133.89
26.6000,718.76,1129.27
26.6400,763.09,1123.62
26.6800,803.18,1117.14
26.7200,867.26,1105.01
26.7600,890.41,1100.05
26.8000,906.04,1096.53
26.8400,914.14,1094.53
26.8800,914.27,1094.68
26.9200,890.14,1100.40
26.9600,866.61,1105.59
27.0000,836.09,1111.65
27.0400,799.26,1118.09
27.0800,756.58,1124.50
27.1200,658.27,1134.66
27.1600,604.48,1137.59
27.2000,549.86,1138.83
27.2400,496.24,1138.18
27.2800,445.21,1135.49
27.3200,351.77,1126.38
27.3600,311.53,1121.15
27.4000,277.91,1115.38
27.4400,251.44,1110.23
27.4800,232.19,1106.28
27.5200,215.78,1102.15
27.5600,218.51,1102.27
27.6000,228.49,1105.49
27.6400,245.21,1109.05
27.6800,298.72,1118.19
27.7200,335.36,1123.99
27.7600,376.50,1128.92
27.8000,419.89,1133.12
27.8400,466.26,1136.26
27.8800,564.91,1138.32
27.9200,615.68,1136.87
27.9600,664.98,1133.78
28.0000,711.85,1129.23
28.0400,755.86,1124.14
28.0800,830.57,1111.66
28.1200,859.94,1106.28
28.1600,883.34,1101.46
28.2000,899.48,1097.91
28.2400,908.18,1095.91
28.2800,901.69,1097.75
28.3200,886.29,1101.52
28.3600,863.41,1106.52
28.4000,833.72,1112.46
28.4400,798.11,1118.50
28.4800,710.07,1130.48
28.5200,659.97,1135.00
28.5600,606.91,1137.94
28.6000,553.05,1139.27
28.6400,500.12,1138.76
28.6800,402.74,1132.78
28.7200,358.45,1128.17
28.7600,318.04,1122.54
28.8000,284.42,1116.97
28.8400,258.18,1111.88
28.8800,227.19,1105.22
28.9200,222.59,1104.16
28.9600,224.78,1104.56
29.0000,233.97,1106.53
29.0400,250.13,1109.60
29.0800,301.86,1119.12
29.1200,337.13,1123.98
29.1600,377.04,1128.82
29.2000,419.70,1132.91
29.2400,465.07,1135.92
29.2800,562.30,1137.83
29.3200,611.98,1136.32
29.3600,660.60,1133.48
29.4000,706.74,1129.41
29.4400,750.59,1124.47
29.4800,824.32,1112.82
29.5200,853.52,1107.54
29.5600,877.13,1102.70
29.6000,893.43,1099.65
29.6400,902.53,1097.64
29.6800,897.08,1099.35
29.7200,882.46,1103.01
29.7600,860.21,1107.69
29.8000,831.40,1113.32
29.8400,796.74,1119.33
29.8800,710.08,1131.00
29.9200,660.67,1135.62
29.9600,608.89,1138.52
30.0000,556.30,1140.02
30.0400,504.09,1139.12
30.0800,407.92,1133.08
30.1200,364.16,1128.66
30.1600,324.83,1123.40
30.2000,291.22,1118.03
30.2400,264.95,1113.15
30.2800,233.71,1106.12
30.3200,228.70,1104.92
30.3600,230.22,1105.09
30.4000,238.99,1106.62
30.4400,254.54,1109.79
30.4800,304.51,1118.42
30.5200,338.83,1123.37
30.5600,377.49,1128.02
30.6000,419.56,1131.96
30.6400,463.64,1135.09
30.6800,558.77,1137.23
30.7200,607.72,1136.24
30.7600,656.05,1133.35
30.8000,702.23,1129.59
30.8400,745.30,1124.97
30.8800,818.76,1114.16
30.9200,847.76,1109.10
30.9600,871.23,1104.80
31.0000,887.69,1101.20
31.0400,896.87,1099.20
31.0800,892.03,1100.95
31.1200,877.87,1104.35
31.1600,856.34,1108.81
31.2000,828.38,1114.12
31.2400,753.94,1126.09
31.2800,709.41,1131.30
31.3200,661.42,1135.81
31.3600,610.78,1138.72
31.4000,559.04,1139.85
31.4400,459.09,1136.90
31.4800,413.00,1133.84
31.5200,370.19,1129.63
31.5600,331.09,1124.16
31.6000,298.33,1119.13
31.6400,252.22,1110.05
31.6800,240.18,1107.43
31.7200,234.59,1105.94
31.7600,235.70,1106.09
31.8000,243.40,1106.35
31.8400,279.91,1113.77
31.8800,307.43,1118.54
31.9200,340.48,1122.89
31.9600,378.81,1127.37
32.0000,419.45,1131.35
32.0400,509.49,1136.38
32.0800,557.29,1136.71
32.1200,605.57,1135.87
32.1600,652.99,1133.35
32.2000,697.95,1129.90
32.2400,779.28,1120.21
32.2800,813.43,1115.15
32.3200,841.99,1110.38
32.3600,865.01,1106.09
32.4000,881.66,1102.86
32.4400,892.49,1100.90
32.4800,886.85,1102.39
32.5200,873.10,1105.44
32.5600,851.99,1110.06
32.6000,825.15,1115.21
32.6400,752.90,1126.66
32.6800,709.29,1131.76
32.7200,662.23,1135.98
32.7600,612.49,1139.02
32.8000,561.56,1140.05
32.8400,463.65,1137.99
32.8800,418.10,1134.23
32.9200,375.95,1129.90
32.9600,337.68,1124.98
33.0000,304.63,1119.76
33.0400,258.65,1110.88
33.0800,246.03,1108.06
33.1200,240.60,1106.57
33.1600,241.25,1106.51
33.2000,249.08,1107.68
33.2400,284.07,1113.85
33.2800,311.14,1118.36
33.3200,343.46,1122.81
33.3600,380.43,1127.36
33.4000,420.57,1131.34
33.4400,508.37,1136.24
33.4800,555.17,1137.07
33.5200,602.85,1136.31
33.5600,649.44,1133.96
33.6000,693.71,1130.58
33.6400,773.72,1121.49
33.6800,807.73,1116.61
33.7200,835.89,1111.95
33.7600,858.70,1108.00
33.8000,875.40,1104.81
33.8400,886.70,1102.79
33.8800,881.96,1104.25
33.9200,868.84,1107.58
33.9600,849.05,1111.64
34.0000,822.66,1116.86
34.0400,751.73,1127.89
34.0800,709.08,1132.65
34.1200,662.79,1136.60
34.1600,614.23,1139.31
34.2000,564.21,1140.46
34.2400,466.96,1137.82
34.2800,422.18,1134.32
34.3200,380.66,1130.14
34.3600,342.37,1125.38
34.4000,309.88,1120.31
34.4400,264.59,1111.54
34.4800,251.99,1108.57
34.5200,246.09,1107.07
34.5600,246.63,1106.97
34.6000,267.88,1110.72
34.6400,288.08,1114.19
34.6800,314.47,1118.52
34.7200,346.48,1123.01
34.7600,382.79,1127.35
34.8000,463.61,1134.29
34.8400,507.57,1136.34
34.8800,553.36,1137.10
34.9200,600.57,1136.38
34.9600,645.80,1134.31
35.0000,731.39,1127.22
35.0400,769.04,1122.71
35.0800,802.21,1117.58
35.1200,830.46,1113.22
35.1600,853.07,1109.29
35.2000,879.71,1104.53
35.2400,881.82,1104.44
35.2800,877.14,1105.60
35.3200,864.65,1108.53
35.3600,845.41,1112.71
35.4000,787.77,1122.71
35.4400,750.38,1127.85
35.4800,708.43,1132.40
35.5200,663.18,1136.13
35.5600,615.15,1138.85
35.6000,516.64,1139.82
35.6400,470.26,1137.90
35.6800,426.21,1134.20
35.7200,385.34,1130.07
35.7600,348.03,1125.04
35.8000,289.36,1115.73
35.8400,270.55,1112.27
35.8800,258.07,1109.52
35.9200,252.21,1107.87
35.9600,252.74,1107.62
36.0000,273.25,1111.20
36.0400,293.10,1114.58
36.0800,318.48,1118.63
36.1200,349.40,1122.89
36.1600,385.05,1127.22
36.2000,464.34,1133.97
36.2400,507.21,1136.00
36.2800,552.23,1137.09
36.3200,597.82,1136.80
36.3600,642.72,1134.92
36.4000,727.20,1128.11
36.4400,764.12,1123.79
36.4800,797.86,1118.85
36.5200,825.61,1114.63
36.5600,848.07,1110.90
36.6000,874.80,1106.32
36.6400,876.95,1106.21
36.6800,872.63,1107.27
36.7200,860.82,1110.06
36.7600,841.64,1113.83
36.8000,785.35,1123.19
36.8400,748.18,1128.23
36.8800,707.18,1132.82
36.9200,662.15,1136.46
36.9600,615.06,1139.09
37.0000,518.56,1139.55
37.0400,472.53,1137.39
37.0800,429.17,1134.11
37.1200,389.20,1130.12
37.1600,352.64,1125.50
37.2000,295.73,1116.15
37.2400,276.89,1112.32
37.2800,264.53,1109.60
37.3200,258.73,1108.21
37.3600,258.95,1108.21
37.4000,278.22,1111.70
37.4400,297.17,1114.96
37.4800,321.91,1118.88
37.5200,352.16,1123.05
37.5600,386.66,1127.31
37.6000,464.02,1134.30
37.6400,506.47,1136.20
37.6800,550.92,1137.18
37.7200,595.98,1136.88
37.7600,640.28,1135.26
37.8000,723.48,1129.01
37.8400,760.24,1124.86
37.8800,793.00,1120.29
37.9200,820.93,1115.82
37.9600,843.39,1112.16
38.0000,870.13,1108.07
38.0400,872.71,1107.72
38.0800,868.18,1108.81
38.1200,856.17,1111.25
38.1600,813.00,1119.11
38.2000,782.13,1123.77
38.2400,745.78,1128.65
38.2800,705.19,1132.54
38.3200,661.94,1136.11
38.3600,567.65,1139.51
38.4000,520.47,1138.99
38.4400,475.36,1137.15
38.4800,432.74,1133.97
38.5200,393.85,1130.23
38.5600,327.00,1121.09
38.6000,301.92,1116.64
38.6400,282.97,1112.97
38.6800,270.59,1110.55
38.7200,264.28,1109.11
38.7600,270.18,1110.15
38.8000,282.37,1112.40
38.8400,300.66,1115.57
38.8800,324.91,1119.60
38.9200,354.26,1124.03
38.9600,424.78,1131.65
39.0000,464.27,1134.64
39.0400,506.12,1136.62
39.0800,549.54,1137.50
39.1200,593.71,1137.50
39.1600,679.87,1133.30
39.2000,719.96,1130.10
39.2400,756.50,1126.07
39.2800,789.15,1121.60
39.3200,816.62,1117.60
39.3600,855.15,1111.12
39.4000,865.04,1109.18
39.4400,867.87,1108.87
39.4800,863.50,1109.73
39.5200,851.72,1112.18
39.5600,808.68,1119.54
39.6000,778.23,1124.05
39.6400,742.78,1128.87
39.6800,703.29,1132.48
39.7200,660.07,1135.89
39.7600,568.88,1139.08
39.8000,523.03,1138.64
39.8400,478.18,1136.88
39.8800,436.86,1133.92
39.9200,398.29,1130.35
39.9600,331.94,1121.87
40.0000,307.00,1117.48
40.0400,288.36,1114.07
40.0800,275.65,1111.36
40.1200,269.30,1109.94
40.1600,274.65,1110.87
40.2000,286.41,1113.20
40.2400,304.48,1116.29
40.2800,327.76,1120.05
40.3200,356.26,1124.19
40.3600,425.62,1132.31
40.4000,464.55,1135.37
40.4400,505.74,1137.25
40.4800,548.82,1138.06
40.5200,592.99,1137.94
40.5600,677.76,1133.74
40.6000,717.27,1130.64
40.6400,753.08,1126.84
40.6800,785.04,1122.56
40.7200,811.95,1118.62
40.7600,849.95,1112.20
40.8000,859.64,1110.04
40.8400,862.27,1109.65
40.8800,858.14,1110.46
40.9200,846.63,1112.82
40.9600,804.54,1119.94
41.0000,774.78,1124.19
41.0400,740.08,1128.60
41.0800,701.82,1132.28
41.1200,659.63,1135.55
41.1600,570.09,1138.60
41.2000,524.99,1138.12
41.2400,481.18,1136.40
41.2800,440.05,1133.55
41.3200,402.08,1129.96
41.3600,336.97,1121.75
41.4000,312.03,1117.72
41.4400,293.23,1114.38
41.4800,280.56,1111.95
41.5200,274.10,1110.65
41.5600,279.13,1111.49
41.6000,290.68,1113.79
41.6400,307.90,1116.92
41.6800,331.55,1120.69
41.7200,392.29,1129.09
41.7600,427.83,1132.62
41.8000,466.44,1135.53
41.8400,506.97,1137.25
41.8800,549.07,1138.29
41.9200,634.96,1136.96
41.9600,675.95,1134.52
42.0000,714.61,1131.10
42.0400,749.60,1127.43
42.0800,781.06,1123.03
42.1200,828.84,1115.85
42.1600,844.54,1112.82
42.2000,853.73,1110.93
42.2400,856.49,1110.65
42.2800,852.72,1111.31
42.3200,824.28,1116.29
42.3600,800.95,1119.95
42.4000,771.71,1124.35
42.4400,737.86,1128.52
42.4800,700.19,1132.37
42.5200,615.50,1137.45
42.5600,570.91,1138.36
42.6000,526.32,1137.86
42.6400,483.22,1135.95
42.6800,442.86,1133.28
42.7200,370.99,1125.96
42.7600,340.80,1122.11
42.8000,316.03,1118.35
42.8400,297.20,1115.14
42.8800,284.65,1113.00
42.9200,277.97,1111.59
42.9600,283.37,1112.80
43.0000,294.74,1115.13
43.0400,312.04,1118.09
43.0800,334.75,1121.50
43.1200,394.67,1129.35
43.1600,429.86,1132.76
43.2000,467.84,1135.44
43.2400,507.71,1137.65
43.2800,549.53,1138.47
43.3200,634.54,1137.45
43.3600,675.30,1134.77
43.4000,713.99,1131.58
43.4400,749.61,1127.38
43.4800,781.07,1123.05
43.5200,829.71,1116.09
43.5600,842.71,1113.13
43.6000,854.33,1109.87
